mlbam_id,player_name,team,weekly_pa,weekly_ab,weekly_r,weekly_hr,weekly_rbi,weekly_sb,weekly_h,weekly_bb,weekly_hbp,weekly_sf,weekly_obp,weekly_ip,weekly_w,weekly_sv,weekly_k,weekly_er,weekly_pitch_h,weekly_pitch_bb,weekly_era,weekly_whip
805999,A.J. Ewing,NYM,25,22,3,0,1,3,7,2,0,1,0.360,0.0,0,0,0,0,0,0,0.00,0.00
621345,A.J. Minter,NYM,0,0,0,0,0,0,0,0,0,0,0.000,3.1,0,0,2,0,3,1,0.00,1.20
805123,AJ Blubaugh,HOU,0,0,0,0,0,0,0,0,0,0,0.000,4.0,1,0,7,2,3,1,4.50,1.00
676879,Aaron Ashby,MIL,0,0,0,0,0,0,0,0,0,0,0.000,2.1,0,0,2,2,4,1,7.71,2.14
605400,Aaron Nola,PHI,0,0,0,0,0,0,0,0,0,0,0.000,9.1,0,0,12,7,10,4,6.75,1.50
682842,Abner Uribe,MIL,0,0,0,0,0,0,0,0,0,0,0.000,1.0,0,0,0,1,3,0,9.00,3.00
624428,Adam Frazier,LAA,8,6,1,0,0,0,0,2,0,0,0.250,0.0,0,0,0,0,0,0,0.00,0.00
671936,Adam Macko,TOR,0,0,0,0,0,0,0,0,0,0,0.000,3.0,1,0,5,2,3,1,6.00,1.33
668939,Adley Rutschman,BAL,27,25,5,1,7,0,9,2,0,0,0.407,0.0,0,0,0,0,0,0,0.00,0.00
666969,Adolis García,PHI,22,22,3,2,4,1,6,0,0,0,0.273,0.0,0,0,0,0,0,0,0.00,0.00
680728,Adrian Del Castillo,AZ,2,2,0,0,0,0,0,0,0,0,0.000,1.2,0,0,0,1,4,0,5.40,2.40
605288,Adrian Houser,SF,0,0,0,0,0,0,0,0,0,0,0.000,4.1,0,0,5,2,5,3,4.15,1.85
670970,Adrian Morejon,SD,0,0,0,0,0,0,0,0,0,0,0.000,1.1,0,0,2,3,3,1,20.25,3.00
544150,Albert Suárez,BAL,0,0,0,0,0,0,0,0,0,0,0.000,4.0,0,0,5,5,8,1,11.25,2.25
664761,Alec Bohm,PHI,24,23,2,1,6,1,8,1,0,0,0.375,0.0,0,0,0,0,0,0,0.00,0.00
676475,Alec Burleson,STL,27,24,6,1,5,0,9,3,0,0,0.444,0.0,0,0,0,0,0,0,0.00,0.00
696030,Alejandro Osuna,TEX,10,9,0,0,1,2,2,1,0,0,0.300,0.0,0,0,0,0,0,0,0.00,0.00
608324,Alex Bregman,CHC,27,24,1,0,1,0,2,3,0,0,0.185,0.0,0,0,0,0,0,0,0.00,0.00
669743,Alex Call,LAD,19,17,1,0,0,0,2,1,1,0,0.211,0.0,0,0,0,0,0,0,0.00,0.00
690976,Alex Freeland,LAD,21,17,2,0,3,1,4,2,1,0,0.350,0.0,0,0,0,0,0,0,0.00,0.00
695380,Alex Hoppe,SEA,0,0,0,0,0,0,0,0,0,0,0.000,3.0,0,0,4,3,3,0,9.00,1.00
656577,Alex Jackson,MIN,10,10,1,0,1,0,3,0,0,0,0.300,0.0,0,0,0,0,0,0,0.00,0.00
656638,Alex Lange,KC,0,0,0,0,0,0,0,0,0,0,0.000,4.0,0,3,7,0,3,2,0.00,1.25
681911,Alex Vesia,LAD,0,0,0,0,0,0,0,0,0,0,0.000,2.0,0,0,3,2,2,2,9.00,2.00
645305,Ali Sánchez,NYY,2,2,0,0,0,0,0,0,0,0,0.000,0.0,0,0,0,0,0,0,0.00,0.00
675961,Alika Williams,ATH,12,11,3,0,1,0,2,1,0,0,0.250,0.0,0,0,0,0,0,0,0.00,0.00
695001,Alimber Santa,HOU,0,0,0,0,0,0,0,0,0,0,0.000,3.0,0,0,4,1,1,4,3.00,1.67
642708,Amed Rosario,NYY,9,8,1,0,0,1,1,1,0,0,0.222,0.0,0,0,0,0,0,0,0.00,0.00
669467,Andre Pallante,STL,0,0,0,0,0,0,0,0,0,0,0.000,5.2,1,0,5,1,3,2,1.59,0.88
671096,Andrew Abbott,CIN,0,0,0,0,0,0,0,0,0,0,0.000,6.0,0,0,5,3,5,4,4.50,1.50
674841,Andrew Alvarez,WSH,0,0,0,0,0,0,0,0,0,0,0.000,4.2,0,0,5,1,4,1,1.93,1.07
643217,Andrew Benintendi,CWS,23,18,5,2,5,0,5,5,0,0,0.435,0.0,0,0,0,0,0,0,0.00,0.00
552640,Andrew Kittredge,BAL,0,0,0,0,0,0,0,0,0,0,0.000,2.0,0,0,2,1,2,0,4.50,1.00
702193,Andrew Morris,MIN,0,0,0,0,0,0,0,0,0,0,0.000,4.1,0,0,8,5,9,1,10.38,2.31
691725,Andrew Painter,PHI,0,0,0,0,0,0,0,0,0,0,0.000,4.2,0,0,4,6,8,2,11.57,2.14
683734,Andrew Vaughn,MIL,21,21,3,0,5,0,7,0,0,0,0.333,0.0,0,0,0,0,0,0,0.00,0.00
655316,Andruw Monasterio,BOS,6,6,1,1,1,0,3,0,0,0,0.500,0.0,0,0,0,0,0,0,0.00,0.00
665953,Andrés Chaparro,WSH,3,2,0,0,0,0,0,1,0,0,0.333,0.0,0,0,0,0,0,0,0.00,0.00
665926,Andrés Giménez,TOR,21,20,1,0,2,1,6,0,1,0,0.333,0.0,0,0,0,0,0,0,0.00,0.00
662253,Andrés Muñoz,SEA,0,0,0,0,0,0,0,0,0,0,0.000,1.2,0,0,1,2,1,2,10.80,1.80
681624,Andy Pages,LAD,28,26,2,1,3,0,5,1,0,1,0.214,0.0,0,0,0,0,0,0,0.00,0.00
682657,Angel Martínez,CLE,23,22,1,0,0,1,3,0,1,0,0.174,0.0,0,0,0,0,0,0,0.00,0.00
607455,Anthony Banda,MIN,0,0,0,0,0,0,0,0,0,0,0.000,2.1,0,0,5,0,3,1,0.00,1.71
669622,Anthony Bender,MIA,0,0,0,0,0,0,0,0,0,0,0.000,3.0,0,1,4,0,1,0,0.00,0.33
641743,Anthony Kay,CWS,0,0,0,0,0,0,0,0,0,0,0.000,4.0,0,0,4,6,7,2,13.50,2.25
689296,Anthony Nunez,BAL,0,0,0,0,0,0,0,0,0,0,0.000,3.0,0,0,3,0,3,0,0.00,1.00
678011,Anthony Seigler,BOS,4,3,0,0,0,0,1,1,0,0,0.500,0.0,0,0,0,0,0,0,0.00,0.00
683011,Anthony Volpe,NYY,15,14,1,0,0,1,1,1,0,0,0.133,0.0,0,0,0,0,0,0,0.00,0.00
622608,Antonio Senzatela,COL,0,0,0,0,0,0,0,0,0,0,0.000,3.1,1,0,4,3,6,1,8.10,2.10
605244,Aramis Garcia,AZ,4,4,1,1,1,0,1,0,0,0,0.250,0.0,0,0,0,0,0,0,0.00,0.00
547973,Aroldis Chapman,BOS,0,0,0,0,0,0,0,0,0,0,0.000,1.0,0,1,1,0,0,2,0.00,2.00
595978,Austin Hedges,CLE,7,6,0,0,1,0,2,1,0,0,0.429,1.0,0,0,0,2,4,0,18.00,4.00
668885,Austin Martin,MIN,28,26,4,0,1,1,4,2,0,0,0.214,0.0,0,0,0,0,0,0,0.00,0.00
663586,Austin Riley,ATL,22,20,1,0,2,1,4,2,0,0,0.273,0.0,0,0,0,0,0,0,0.00,0.00
681810,Austin Warren,NYM,0,0,0,0,0,0,0,0,0,0,0.000,3.0,0,0,1,2,2,0,6.00,0.67
669224,Austin Wells,NYY,10,10,0,0,0,0,0,0,0,0,0.000,0.0,0,0,0,0,0,0,0.00,0.00
642851,Austin Wynns,ATL,4,4,0,0,0,0,0,0,0,0,0.000,0.0,0,0,0,0,0,0,0.00,0.00
689225,Beau Brieske,DET,0,0,0,0,0,0,0,0,0,0,0.000,0.1,0,0,0,3,0,3,81.00,9.00
694360,Beck Way,KC,0,0,0,0,0,0,0,0,0,0,0.000,1.1,0,0,2,4,4,1,27.00,3.75
676962,Ben Brown,CHC,0,0,0,0,0,0,0,0,0,0,0.000,5.1,0,0,5,0,1,1,0.00,0.38
700250,Ben Rice,NYY,21,18,3,1,1,0,4,3,0,0,0.333,0.0,0,0,0,0,0,0,0.00,0.00
810938,Ben Williamson,TB,12,10,1,0,2,0,2,2,0,0,0.333,1.0,0,0,0,0,0,1,0.00,1.00
694362,Blake Dunn,CIN,26,26,3,1,3,1,9,0,0,0,0.346,0.0,0,0,0,0,0,0,0.00,0.00
663368,Blake Perkins,MIL,9,6,3,0,1,1,1,3,0,0,0.444,0.0,0,0,0,0,0,0,0.00,0.00
595014,Blake Treinen,LAD,0,0,0,0,0,0,0,0,0,0,0.000,1.2,2,0,1,2,2,2,10.80,2.40
680604,Blas Castaño,COL,0,0,0,0,0,0,0,0,0,0,0.000,4.2,0,0,4,0,3,2,0.00,1.07
677942,Blaze Alexander,BAL,14,12,2,1,3,1,4,1,0,1,0.357,0.0,0,0,0,0,0,0,0.00,0.00
666182,Bo Bichette,NYM,26,24,2,0,4,0,9,0,1,1,0.385,0.0,0,0,0,0,0,0,0.00,0.00
677951,Bobby Witt Jr.,KC,34,27,5,0,1,6,6,6,1,0,0.382,0.0,0,0,0,0,0,0,0.00,0.00
641745,Brad Keller,PHI,0,0,0,0,0,0,0,0,0,0,0.000,3.0,0,0,1,1,5,1,3.00,2.00
695418,Brad Lord,WSH,0,0,0,0,0,0,0,0,0,0,0.000,3.1,0,1,3,0,0,3,0.00,0.90
699134,Bradgley Rodriguez,SD,0,0,0,0,0,0,0,0,0,0,0.000,2.0,1,0,1,1,2,1,4.50,1.50
663903,Brady Singer,CIN,0,0,0,0,0,0,0,0,0,0,0.000,4.0,0,0,6,1,4,3,2.25,1.75
684049,Brandan Bidois,PIT,0,0,0,0,0,0,0,0,0,0,0.000,1.1,0,0,3,0,0,2,0.00,1.50
685126,Brandon Eisert,CWS,0,0,0,0,0,0,0,0,0,0,0.000,3.1,0,0,5,0,1,0,0.00,0.30
605335,Brandon Leibrandt,CIN,0,0,0,0,0,0,0,0,0,0,0.000,6.0,0,0,3,5,10,3,7.50,2.17
664040,Brandon Lowe,PIT,25,22,4,1,4,0,4,2,0,1,0.240,0.0,0,0,0,0,0,0,0.00,0.00
669016,Brandon Marsh,PHI,25,24,4,3,6,1,12,1,0,0,0.520,0.0,0,0,0,0,0,0,0.00,0.00
607043,Brandon Nimmo,TEX,23,19,2,0,1,1,3,2,1,1,0.261,0.0,0,0,0,0,0,0,0.00,0.00
694297,Brandon Pfaadt,AZ,0,0,0,0,0,0,0,0,0,0,0.000,1.0,0,0,1,2,3,2,18.00,5.00
687075,Brandon Sproat,MIL,0,0,0,0,0,0,0,0,0,0,0.000,5.0,0,0,2,3,7,2,5.40,1.80
678218,Brandon Valenzuela,TOR,18,15,4,3,6,0,6,2,0,1,0.444,0.0,0,0,0,0,0,0,0.00,0.00
687064,Brandon Young,BAL,0,0,0,0,0,0,0,0,0,0,0.000,6.1,1,0,4,3,7,0,4.26,1.11
805299,Brandyn Garcia,AZ,0,0,0,0,0,0,0,0,0,0,0.000,2.0,0,0,0,0,1,0,0.00,0.50
677952,Braxton Ashcraft,PIT,0,0,0,0,0,0,0,0,0,0,0.000,5.0,0,0,5,6,9,0,10.80,1.80
690924,Braxton Fulford,COL,3,3,2,0,0,0,1,0,0,0,0.333,0.0,0,0,0,0,0,0,0.00,0.00
678394,Brayan Bello,BOS,0,0,0,0,0,0,0,0,0,0,0.000,5.0,0,0,4,8,7,3,14.40,2.00
677587,Brayan Rocchio,CLE,22,19,2,1,2,2,3,1,1,1,0.227,0.0,0,0,0,0,0,0,0.00,0.00
680755,Braydon Fisher,TOR,0,0,0,0,0,0,0,0,0,0,0.000,2.2,0,0,4,1,2,1,3.38,1.12
669724,Brenan Hanifee,DET,0,0,0,0,0,0,0,0,0,0,0.000,0.0,0,0,0,3,1,2,0.00,0.00
657514,Brennan Bernardino,COL,0,0,0,0,0,0,0,0,0,0,0.000,1.0,0,0,1,3,3,1,27.00,4.00
687396,Brent Headrick,NYY,0,0,0,0,0,0,0,0,0,0,0.000,3.1,1,0,5,0,1,2,0.00,0.90
667670,Brent Rooker,ATH,21,20,4,2,3,0,6,1,0,0,0.333,0.0,0,0,0,0,0,0,0.00,0.00
608718,Brent Suter,LAA,0,0,0,0,0,0,0,0,0,0,0.000,3.0,0,0,2,1,2,0,3.00,0.67
683146,Brett Baty,NYM,24,23,2,0,2,0,5,1,0,0,0.250,0.0,0,0,0,0,0,0,0.00,0.00
664954,Brett Sullivan,COL,4,4,0,0,0,0,1,0,0,0,0.250,0.0,0,0,0,0,0,0,0.00,0.00
702153,Brian Fitzpatrick,MIL,0,0,0,0,0,0,0,0,0,0,0.000,1.0,0,0,1,0,0,0,0.00,0.00
694728,Brice Matthews,HOU,9,9,1,0,0,0,1,0,0,0,0.111,0.0,0,0,0,0,0,0,0.00,0.00
668930,Brice Turang,MIL,31,27,6,2,8,2,11,4,0,0,0.484,0.0,0,0,0,0,0,0,0.00,0.00
656271,Brock Burke,CIN,0,0,0,0,0,0,0,0,0,0,0.000,3.0,1,0,2,0,1,3,0.00,1.33
686797,Brooks Lee,MIN,30,28,2,1,3,0,3,1,0,1,0.133,0.0,0,0,0,0,0,0,0.00,0.00
548384,Brooks Raley,NYM,0,0,0,0,0,0,0,0,0,0,0.000,2.2,0,0,4,1,2,1,3.38,1.12
650556,Bryan Abreu,HOU,0,0,0,0,0,0,0,0,0,0,0.000,3.0,0,0,7,3,2,2,9.00,1.33
641329,Bryan Baker,TB,0,0,0,0,0,0,0,0,0,0,0.000,1.0,0,0,0,0,0,0,0.00,0.00
663542,Bryan Hudson,CWS,0,0,0,0,0,0,0,0,0,0,0.000,1.1,0,0,0,4,4,3,27.00,5.25
687911,Bryan King,HOU,0,0,0,0,0,0,0,0,0,0,0.000,2.0,0,0,2,0,2,1,0.00,1.50
668804,Bryan Reynolds,PIT,26,22,3,0,1,1,3,4,0,0,0.269,0.0,0,0,0,0,0,0,0.00,0.00
663494,Bryan Torres,STL,20,16,4,1,2,1,3,3,0,0,0.316,0.0,0,0,0,0,0,0,0.00,0.00
693433,Bryan Woo,SEA,0,0,0,0,0,0,0,0,0,0,0.000,6.1,0,0,7,5,9,0,7.11,1.42
693821,Bryce Elder,ATL,0,0,0,0,0,0,0,0,0,0,0.000,12.2,1,0,10,5,8,3,3.55,0.87
805811,Bryce Eldridge,SF,27,24,5,0,2,0,9,3,0,0,0.444,0.0,0,0,0,0,0,0,0.00,0.00
547180,Bryce Harper,PHI,25,20,6,1,3,1,6,5,0,0,0.440,0.0,0,0,0,0,0,0,0.00,0.00
669369,Bryce Johnson,SD,8,8,0,0,0,0,2,0,0,0,0.250,0.0,0,0,0,0,0,0,0.00,0.00
682243,Bryce Miller,SEA,0,0,0,0,0,0,0,0,0,0,0.000,6.0,1,0,9,0,1,2,0.00,0.50
681082,Bryson Stott,PHI,21,18,1,0,2,1,4,3,0,0,0.333,0.0,0,0,0,0,0,0,0.00,0.00
696149,Bubba Chandler,PIT,0,0,0,0,0,0,0,0,0,0,0.000,10.1,1,0,10,6,7,4,5.23,1.06
671083,Buddy Kennedy,SF,6,5,0,0,0,0,0,1,0,0,0.167,1.0,0,0,0,4,4,2,36.00,6.00
621439,Byron Buxton,MIN,19,18,1,1,1,1,4,1,0,0,0.263,0.0,0,0,0,0,0,0,0.00,0.00
682928,CJ Abrams,WSH,26,24,5,2,2,0,5,2,0,0,0.269,0.0,0,0,0,0,0,0,0.00,0.00
676917,Cade Cavalli,WSH,0,0,0,0,0,0,0,0,0,0,0.000,10.0,0,0,8,6,12,4,5.40,1.60
671922,Cade Smith,CLE,0,0,0,0,0,0,0,0,0,0,0.000,1.0,0,1,1,1,1,0,9.00,1.00
615698,Cal Quantrill,TEX,0,0,0,0,0,0,0,0,0,0,0.000,3.1,1,0,3,0,1,1,0.00,0.60
702332,Caleb Durbin,BOS,18,18,2,0,1,1,5,0,0,0,0.278,0.0,0,0,0,0,0,0,0.00,0.00
657571,Caleb Ferguson,CIN,0,0,0,0,0,0,0,0,0,0,0.000,4.1,0,0,4,0,2,1,0.00,0.69
668873,Caleb Kilian,SF,0,0,0,0,0,0,0,0,0,0,0.000,3.2,0,1,3,0,3,2,0.00,1.36
573204,Caleb Thielbar,CHC,0,0,0,0,0,0,0,0,0,0,0.000,2.1,0,0,2,3,4,0,11.57,1.71
676534,Calvin Faucher,MIA,0,0,0,0,0,0,0,0,0,0,0.000,4.0,0,0,6,0,3,2,0.00,1.25
592155,Cam Booser,TB,0,0,0,0,0,0,0,0,0,0,0.000,3.0,0,0,4,0,1,1,0.00,0.67
693645,Cam Schlittler,NYY,0,0,0,0,0,0,0,0,0,0,0.000,10.0,0,0,8,5,9,1,4.50,1.00
701358,Cam Smith,HOU,21,18,0,0,3,1,4,3,0,0,0.333,0.0,0,0,0,0,0,0,0.00,0.00
666808,Camilo Doval,NYY,0,0,0,0,0,0,0,0,0,0,0.000,2.0,0,0,4,3,4,0,13.50,2.00
666126,Carlos Cortes,ATH,18,16,1,0,0,0,3,2,0,0,0.278,1.0,0,0,0,0,0,1,0.00,1.00
665966,Carlos Narváez,BOS,3,3,0,0,0,0,0,0,0,0,0.000,0.0,0,0,0,0,0,0,0.00,0.00
607074,Carlos Rodón,NYY,0,0,0,0,0,0,0,0,0,0,0.000,6.0,0,0,7,1,2,3,1.50,0.83
669387,Carmen Mlodzinski,PIT,0,0,0,0,0,0,0,0,0,0,0.000,4.0,0,1,3,1,4,0,2.25,1.00
701807,Carson Benge,NYM,26,25,6,3,5,1,9,1,0,0,0.385,0.0,0,0,0,0,0,0,0.00,0.00
608348,Carson Kelly,CHC,15,15,1,0,1,0,3,0,0,0,0.200,1.0,0,0,0,2,2,0,18.00,2.00
693313,Carson Seymour,SF,0,0,0,0,0,0,0,0,0,0,0.000,3.0,0,0,1,3,6,1,9.00,2.33
695600,Carter Jensen,KC,29,26,4,1,5,0,3,1,0,2,0.138,0.0,0,0,0,0,0,0,0.00,0.00
668984,Casey Legumina,TB,0,0,0,0,0,0,0,0,0,0,0.000,3.1,0,0,5,0,2,0,0.00,0.60
669477,Casey Schmitt,SF,35,34,4,3,5,0,7,0,0,1,0.200,0.0,0,0,0,0,0,0,0.00,0.00
678882,Ceddanne Rafaela,BOS,21,20,2,0,1,0,8,1,0,0,0.429,0.0,0,0,0,0,0,0,0.00,0.00
656775,Cedric Mullins,TB,20,15,3,2,2,0,2,3,1,0,0.316,0.0,0,0,0,0,0,0,0.00,0.00
689149,Chad Dallas,TOR,0,0,0,0,0,0,0,0,0,0,0.000,3.2,1,0,2,1,2,2,2.45,1.09
694477,Chad Patrick,MIL,0,0,0,0,0,0,0,0,0,0,0.000,6.2,1,0,6,0,4,2,0.00,0.90
677060,Chad Stevens,COL,8,7,0,0,1,0,0,1,0,0,0.125,0.0,0,0,0,0,0,0,0.00,0.00
644433,Chadwick Tromp,ATL,2,2,0,0,0,0,0,0,0,0,0.000,0.0,0,0,0,0,0,0,0.00,0.00
802415,Chandler Simpson,TB,13,12,0,0,0,0,1,1,0,0,0.154,0.0,0,0,0,0,0,0,0.00,0.00
807727,Charles McAdoo,TOR,3,3,1,0,1,0,1,0,0,0,0.333,0.0,0,0,0,0,0,0,0.00,0.00
695505,Chase Burns,CIN,0,0,0,0,0,0,0,0,0,0,0.000,6.0,0,0,9,2,4,1,3.00,0.83
800050,Chase DeLauter,CLE,23,22,1,0,1,0,3,1,0,0,0.174,0.0,0,0,0,0,0,0,0.00,0.00
805367,Chase Meidroth,CWS,28,25,4,0,3,0,8,2,0,0,0.370,0.0,0,0,0,0,0,0,0.00,0.00
663767,Chase Shugart,PHI,0,0,0,0,0,0,0,0,0,0,0.000,1.0,0,0,3,0,0,1,0.00,1.00
681217,Chase Silseth,LAA,0,0,0,0,0,0,0,0,0,0,0.000,3.1,0,0,4,0,2,2,0.00,1.20
605135,Chris Bassitt,BAL,0,0,0,0,0,0,0,0,0,0,0.000,3.0,0,0,1,3,6,2,9.00,2.67
669684,Chris Murphy,CWS,0,0,0,0,0,0,0,0,0,0,0.000,2.0,0,0,3,0,2,0,0.00,1.00
663978,Chris Paddack,CIN,0,0,0,0,0,0,0,0,0,0,0.000,2.0,0,0,2,3,3,0,13.50,1.50
519242,Chris Sale,ATL,0,0,0,0,0,0,0,0,0,0,0.000,5.2,0,0,6,3,10,2,4.76,2.12
681035,Christian Scott,NYM,0,0,0,0,0,0,0,0,0,0,0.000,5.2,1,0,3,0,3,2,0.00,0.88
543877,Christian Vázquez,HOU,18,17,4,0,2,0,4,1,0,0,0.278,0.0,0,0,0,0,0,0,0.00,0.00
572233,Christian Walker,HOU,26,25,3,0,3,0,6,1,0,0,0.269,0.0,0,0,0,0,0,0,0.00,0.00
592885,Christian Yelich,MIL,32,27,8,0,4,1,10,4,1,0,0.469,0.0,0,0,0,0,0,0,0.00,0.00
666624,Christopher Morel,MIA,2,2,0,0,0,0,1,0,0,0,0.500,0.0,0,0,0,0,0,0,0.00,0.00
672335,Cionel Pérez,NYM,0,0,0,0,0,0,0,0,0,0,0.000,2.0,0,0,3,1,2,0,4.50,1.00
690925,Clayton Beeter,WSH,0,0,0,0,0,0,0,0,0,0,0.000,1.1,0,0,3,2,3,1,13.50,3.00
691723,Coby Mayo,BAL,21,21,4,2,6,0,4,0,0,0,0.190,0.0,0,0,0,0,0,0,0.00,0.00
676051,Codi Heuer,CLE,0,0,0,0,0,0,0,0,0,0,0.000,1.0,0,0,1,1,1,1,9.00,2.00
641355,Cody Bellinger,NYY,20,17,1,1,3,2,5,1,0,2,0.300,0.0,0,0,0,0,0,0,0.00,0.00
683227,Cody Freeman,TEX,2,2,0,0,0,0,1,0,0,0,0.500,0.0,0,0,0,0,0,0,0.00,0.00
689520,Cody Laweryson,MIN,0,0,0,0,0,0,0,0,0,0,0.000,3.0,0,0,5,4,5,3,12.00,2.67
687515,Colby Thomas,ATH,6,6,1,1,1,0,1,0,0,0,0.167,0.0,0,0,0,0,0,0,0.00,0.00
669371,Cole Henry,WSH,0,0,0,0,0,0,0,0,0,0,0.000,3.0,0,0,3,3,5,1,9.00,2.00
642121,Cole Sulser,TB,0,0,0,0,0,0,0,0,0,0,0.000,3.0,0,0,5,2,5,1,6.00,2.00
702284,Cole Young,SEA,26,24,1,0,2,0,8,1,1,0,0.385,0.0,0,0,0,0,0,0,0.00,0.00
689441,Coleman Crow,MIL,0,0,0,0,0,0,0,0,0,0,0.000,2.1,0,0,2,6,9,2,23.14,4.71
670059,Colin Holderman,CLE,0,0,0,0,0,0,0,0,0,0,0.000,2.0,1,0,4,0,1,0,0.00,0.50
607067,Colin Rea,CHC,0,0,0,0,0,0,0,0,0,0,0.000,5.1,0,0,3,2,4,2,3.38,1.12
805672,Collin Price,HOU,5,4,0,0,0,0,0,1,0,0,0.200,0.0,0,0,0,0,0,0,0.00,0.00
695657,Colson Montgomery,CWS,27,23,3,1,2,0,3,3,1,0,0.259,0.0,0,0,0,0,0,0,0.00,0.00
806068,Colt Emerson,SEA,22,21,3,2,3,0,5,0,1,0,0.273,0.0,0,0,0,0,0,0,0.00,0.00
690993,Colt Keith,DET,16,16,1,0,0,1,2,0,0,0,0.125,0.0,0,0,0,0,0,0,0.00,0.00
681297,Colton Cowser,BAL,20,17,3,2,4,0,6,2,0,1,0.400,0.0,0,0,0,0,0,0,0.00,0.00
813349,Connelly Early,BOS,0,0,0,0,0,0,0,0,0,0,0.000,5.1,0,0,6,4,6,1,6.75,1.31
681393,Connor Norby,MIA,8,7,0,0,1,0,1,1,0,0,0.250,0.0,0,0,0,0,0,0,0.00,0.00
687570,Connor Prielipp,MIN,0,0,0,0,0,0,0,0,0,0,0.000,10.1,1,0,14,6,10,3,5.23,1.26
657756,Connor Seabold,TOR,0,0,0,0,0,0,0,0,0,0,0.000,1.2,0,0,0,3,5,1,16.20,3.60
657136,Connor Wong,BOS,6,6,1,0,0,0,2,0,0,0,0.333,0.0,0,0,0,0,0,0,0.00,0.00
681867,Cooper Criswell,SEA,0,0,0,0,0,0,0,0,0,0,0.000,3.0,0,0,4,2,4,1,6.00,1.67
682998,Corbin Carroll,AZ,28,26,4,3,3,0,7,2,0,0,0.321,0.0,0,0,0,0,0,0,0.00,0.00
608369,Corey Seager,TEX,8,8,1,1,2,0,2,0,0,0,0.250,0.0,0,0,0,0,0,0,0.00,0.00
684974,Craig Yoho,MIL,0,0,0,0,0,0,0,0,0,0,0.000,3.0,0,0,5,1,1,2,3.00,1.00
650911,Cristopher Sánchez,PHI,0,0,0,0,0,0,0,0,0,0,0.000,7.0,1,0,8,1,4,1,1.29,0.71
678554,Curtis Mead,WSH,24,22,3,1,3,0,6,2,0,0,0.333,0.0,0,0,0,0,0,0,0.00,0.00
669084,DL Hall,MIL,0,0,0,0,0,0,0,0,0,0,0.000,4.1,0,0,3,0,2,3,0.00,1.15
687221,Dalton Rushing,LAD,15,14,4,1,4,0,7,1,0,0,0.533,0.0,0,0,0,0,0,0,0.00,0.00
667472,Dane Myers,CIN,9,9,1,0,0,1,4,0,0,0,0.444,0.0,0,0,0,0,0,0,0.00,0.00
663738,Daniel Lynch IV,KC,0,0,0,0,0,0,0,0,0,0,0.000,3.0,1,0,2,0,2,0,0.00,0.67
694037,Daniel Palencia,CHC,0,0,0,0,0,0,0,0,0,0,0.000,4.0,0,0,4,1,2,0,2.25,0.50
682177,Daniel Schneemann,CLE,17,17,1,0,1,1,3,0,0,0,0.176,0.0,0,0,0,0,0,0,0.00,0.00
691740,Daniel Susac,SF,17,16,0,0,0,0,5,0,1,0,0.353,0.0,0,0,0,0,0,0,0.00,0.00
543056,Danny Coulombe,BOS,0,0,0,0,0,0,0,0,0,0,0.000,0.2,0,0,1,0,0,0,0.00,0.00
643376,Danny Jansen,TEX,4,3,1,0,0,1,0,1,0,0,0.250,0.0,0,0,0,0,0,0,0.00,0.00
621020,Dansby Swanson,CHC,14,14,1,0,1,0,2,0,0,0,0.143,0.0,0,0,0,0,0,0,0.00,0.00
687231,Darell Hernaiz,ATH,10,10,0,0,0,0,0,0,0,0,0.000,0.0,0,0,0,0,0,0,0.00,0.00
662139,Daulton Varsho,TOR,10,7,0,0,1,0,1,2,0,1,0.300,0.0,0,0,0,0,0,0,0.00,0.00
670280,David Bednar,NYY,0,0,0,0,0,0,0,0,0,0,0.000,2.0,0,1,1,0,0,0,0.00,0.00
681807,David Fry,CLE,5,5,0,0,0,0,1,0,0,0,0.200,0.0,0,0,0,0,0,0,0.00,0.00
666152,David Hamilton,MIL,26,23,6,2,2,1,8,3,0,0,0.423,0.0,0,0,0,0,0,0,0.00,0.00
688158,David Morgan,SD,0,0,0,0,0,0,0,0,0,0,0.000,2.0,0,0,2,0,1,0,0.00,0.50
689818,David Sandlin,CWS,0,0,0,0,0,0,0,0,0,0,0.000,7.1,0,0,10,11,11,7,13.50,2.45
663436,Davis Martin,CWS,0,0,0,0,0,0,0,0,0,0,0.000,4.2,0,0,2,6,10,3,11.57,2.79
673995,Davis Wendzel,PIT,0,0,0,0,0,0,0,0,0,0,0.000,0.0,0,0,0,0,0,0,0.00,0.00
695734,Daylen Lile,WSH,25,23,4,1,2,1,7,2,0,0,0.360,0.0,0,0,0,0,0,0,0.00,0.00
642701,Dennis Santana,PIT,0,0,0,0,0,0,0,0,0,0,0.000,1.1,0,0,2,2,3,1,13.50,3.00
656537,Derek Hill,CWS,12,11,1,1,1,0,1,0,1,0,0.167,0.0,0,0,0,0,0,0,0.00,0.00
642207,Devin Williams,NYM,0,0,0,0,0,0,0,0,0,0,0.000,2.0,0,0,4,1,1,1,4.50,1.00
800311,Didier Fuentes,ATL,0,0,0,0,0,0,0,0,0,0,0.000,3.1,0,1,3,0,3,0,0.00,0.90
693307,Dillon Dingler,DET,27,23,6,3,10,0,7,2,1,1,0.370,0.0,0,0,0,0,0,0,0.00,0.00
686527,Dominic Canzone,SEA,16,16,3,1,2,0,7,0,0,0,0.438,0.0,0,0,0,0,0,0,0.00,0.00
642086,Dominic Smith,ATL,20,16,3,1,3,0,2,3,0,1,0.250,0.0,0,0,0,0,0,0,0.00,0.00
622268,Donovan Walton,LAA,20,18,3,0,0,0,3,1,0,0,0.211,0.0,0,0,0,0,0,0,0.00,0.00
623454,Drew Anderson,DET,0,0,0,0,0,0,0,0,0,0,0.000,4.0,0,0,4,1,4,0,2.25,1.00
687551,Drew Gilbert,SF,19,16,2,0,0,0,3,2,0,0,0.278,0.0,0,0,0,0,0,0,0.00,0.00
686452,Drew Millas,WSH,7,4,1,0,0,0,2,2,1,0,0.714,0.0,0,0,0,0,0,0,0.00,0.00
519141,Drew Pomeranz,LAA,0,0,0,0,0,0,0,0,0,0,0.000,2.2,0,0,1,0,4,0,0.00,1.50
656876,Drew Rasmussen,TB,0,0,0,0,0,0,0,0,0,0,0.000,7.0,1,0,9,0,1,0,0.00,0.14
680723,Drew Rom,MIL,0,0,0,0,0,0,0,0,0,0,0.000,1.0,0,0,2,0,1,0,0.00,1.00
691011,Drew Romo,CWS,13,11,0,0,1,0,1,0,0,1,0.083,0.0,0,0,0,0,0,0,0.00,0.00
805427,Drew Sommers,DET,0,0,0,0,0,0,0,0,0,0,0.000,2.2,0,0,4,0,0,2,0.00,0.75
686753,Drey Jameson,AZ,0,0,0,0,0,0,0,0,0,0,0.000,1.0,0,0,1,2,2,2,18.00,4.00
669160,Dustin May,STL,0,0,0,0,0,0,0,0,0,0,0.000,5.2,0,0,9,3,5,2,4.76,1.24
686611,Dylan Crews,WSH,22,20,2,1,3,0,3,0,2,0,0.227,0.0,0,0,0,0,0,0,0.00,0.00
689266,Dylan Dodd,ATL,0,0,0,0,0,0,0,0,0,0,0.000,2.0,0,0,4,0,0,1,0.00,0.50
669276,Dylan Lee,ATL,0,0,0,0,0,0,0,0,0,0,0.000,3.0,0,0,4,0,0,2,0.00,0.67
681916,Dylan Smith,SF,0,0,0,0,0,0,0,0,0,0,0.000,2.0,0,1,3,0,0,0,0.00,0.00
700337,Edgar Quero,CWS,13,13,0,0,0,0,1,0,0,0,0.077,0.0,0,0,0,0,0,0,0.00,0.00
683618,Edgardo Henriquez,LAD,0,0,0,0,0,0,0,0,0,0,0.000,3.2,0,0,6,0,1,0,0.00,0.27
624641,Edmundo Sosa,PHI,6,5,0,0,1,0,0,0,0,1,0.000,0.0,0,0,0,0,0,0,0.00,0.00
666397,Edouard Julien,COL,16,13,3,0,2,0,4,3,0,0,0.438,0.0,0,0,0,0,0,0,0.00,0.00
660825,Eduard Bazardo,SEA,0,0,0,0,0,0,0,0,0,0,0.000,4.1,0,0,3,1,4,0,2.08,0.92
593958,Eduardo Rodriguez,AZ,0,0,0,0,0,0,0,0,0,0,0.000,12.1,0,0,8,5,11,2,3.65,1.05
665795,Edward Cabrera,CHC,0,0,0,0,0,0,0,0,0,0,0.000,3.2,0,0,6,8,8,1,19.64,2.45
695490,Edwin Arroyo,CIN,16,14,1,0,0,0,3,2,0,0,0.312,0.0,0,0,0,0,0,0,0.00,0.00
669212,Eli Morgan,KC,0,0,0,0,0,0,0,0,0,0,0.000,1.0,0,0,3,1,2,1,9.00,3.00
642201,Eli White,ATL,3,2,1,0,0,1,0,1,0,0,0.333,0.0,0,0,0,0,0,0,0.00,0.00
553869,Elias Díaz,TEX,4,4,1,0,0,0,1,0,0,0,0.250,0.0,0,0,0,0,0,0,0.00,0.00
665660,Elvis Alvarado,ATH,0,0,0,0,0,0,0,0,0,0,0.000,2.0,0,0,3,0,1,0,0.00,0.50
676106,Emerson Hancock,SEA,0,0,0,0,0,0,0,0,0,0,0.000,6.0,0,0,7,2,2,0,3.00,0.33
686218,Emmet Sheehan,LAD,0,0,0,0,0,0,0,0,0,0,0.000,7.2,0,0,5,4,6,2,4.70,1.04
682848,Endy Rodríguez,PIT,17,16,2,1,3,1,3,1,0,0,0.235,0.0,0,0,0,0,0,0,0.00,0.00
646241,Enmanuel De Jesus,DET,0,0,0,0,0,0,0,0,0,0,0.000,4.0,0,1,4,0,0,0,0.00,0.00
660853,Enyel De Los Santos,HOU,0,0,0,0,0,0,0,0,0,0,0.000,3.2,0,0,5,0,1,0,0.00,0.27
606992,Eric Haase,SF,14,12,1,1,4,0,2,2,0,0,0.286,0.0,0,0,0,0,0,0,0.00,0.00
641778,Eric Lauer,LAD,0,0,0,0,0,0,0,0,0,0,0.000,4.2,0,0,1,2,5,1,3.86,1.29
679358,Eric Orze,MIN,0,0,0,0,0,0,0,0,0,0,0.000,3.1,0,0,2,2,4,2,5.40,1.80
607200,Erick Fedde,CWS,0,0,0,0,0,0,0,0,0,0,0.000,5.0,1,0,2,0,2,1,0.00,0.60
669062,Erik Miller,SF,0,0,0,0,0,0,0,0,0,0,0.000,3.0,0,0,3,0,5,2,0.00,2.33
676391,Ernie Clement,TOR,25,25,5,1,3,0,9,0,0,0,0.360,0.0,0,0,0,0,0,0,0.00,0.00
665923,Esteury Ruiz,MIA,12,7,3,1,1,3,2,4,1,0,0.583,0.0,0,0,0,0,0,0,0.00,0.00
681799,Ethan Roberts,CHC,0,0,0,0,0,0,0,0,0,0,0.000,2.1,0,0,2,1,4,0,3.86,1.71
553993,Eugenio Suárez,CIN,20,18,0,0,1,0,2,2,0,0,0.200,0.0,0,0,0,0,0,0,0.00,0.00
694497,Evan Carter,TEX,15,14,2,0,1,0,2,1,0,0,0.200,0.0,0,0,0,0,0,0,0.00,0.00
681895,Evan Sisk,PIT,0,0,0,0,0,0,0,0,0,0,0.000,3.0,0,0,4,0,3,1,0.00,1.33
677649,Ezequiel Duran,TEX,23,21,1,0,4,0,7,2,0,0,0.391,0.0,0,0,0,0,0,0,0.00,0.00
678662,Ezequiel Tovar,COL,23,21,2,0,2,0,2,1,0,1,0.130,0.0,0,0,0,0,0,0,0.00,0.00
518585,Fernando Cruz,NYY,0,0,0,0,0,0,0,0,0,0,0.000,3.0,0,0,3,0,1,0,0.00,0.33
665487,Fernando Tatis Jr.,SD,25,24,2,0,1,1,8,1,0,0,0.360,0.0,0,0,0,0,0,0,0.00,0.00
656492,Foster Griffin,WSH,0,0,0,0,0,0,0,0,0,0,0.000,5.0,1,0,4,1,2,0,1.80,0.40
664285,Framber Valdez,DET,0,0,0,0,0,0,0,0,0,0,0.000,5.0,1,0,5,1,5,2,1.80,1.40
518692,Freddie Freeman,LAD,30,29,4,2,6,0,10,1,0,0,0.367,0.0,0,0,0,0,0,0,0.00,0.00
666023,Freddy Fermin,SD,12,11,2,2,5,0,3,0,0,0,0.273,0.0,0,0,0,0,0,0,0.00,0.00
642547,Freddy Peralta,NYM,0,0,0,0,0,0,0,0,0,0,0.000,6.0,1,0,6,1,6,2,1.50,1.33
642100,Gabe Speier,SEA,0,0,0,0,0,0,0,0,0,0,0.000,3.0,1,0,3,0,1,1,0.00,0.67
672515,Gabriel Moreno,AZ,24,20,3,1,2,0,4,3,1,0,0.333,0.0,0,0,0,0,0,0,0.00,0.00
695611,Gage Jump,ATH,0,0,0,0,0,0,0,0,0,0,0.000,13.1,2,0,8,1,6,4,0.67,0.75
664076,Garrett Cleavinger,TB,0,0,0,0,0,0,0,0,0,0,0.000,2.0,0,0,3,2,1,2,9.00,1.50
669003,Garrett Mitchell,MIL,18,16,3,0,3,0,6,2,0,0,0.444,0.0,0,0,0,0,0,0,0.00,0.00
596117,Garrett Stubbs,PHI,3,3,0,0,0,0,0,0,0,0,0.000,0.0,0,0,0,0,0,0,0.00,0.00
596142,Gary Sánchez,MIL,9,8,4,1,3,0,3,1,0,0,0.444,0.0,0,0,0,0,0,0,0.00,0.00
657757,Gavin Sheets,SD,19,16,2,1,2,0,1,3,0,0,0.211,0.0,0,0,0,0,0,0,0.00,0.00
668909,Gavin Williams,CLE,0,0,0,0,0,0,0,0,0,0,0.000,5.1,1,0,6,3,4,1,5.06,0.94
669923,George Kirby,SEA,0,0,0,0,0,0,0,0,0,0,0.000,4.0,0,0,5,4,9,1,9.00,2.50
666277,George Soriano,STL,0,0,0,0,0,0,0,0,0,0,0.000,3.2,1,0,5,1,6,0,2.45,1.64
543807,George Springer,TOR,22,18,1,0,0,0,3,3,0,0,0.286,0.0,0,0,0,0,0,0,0.00,0.00
672695,Geraldo Perdomo,AZ,24,23,0,0,1,0,8,0,0,0,0.348,0.0,0,0,0,0,0,0,0.00,0.00
543037,Gerrit Cole,NYY,0,0,0,0,0,0,0,0,0,0,0.000,5.1,0,0,2,4,6,1,6.75,1.31
650402,Gleyber Torres,DET,22,21,5,1,3,0,7,1,0,0,0.364,0.0,0,0,0,0,0,0,0.00,0.00
700669,Gordon Graceffo,STL,0,0,0,0,0,0,0,0,0,0,0.000,2.1,0,0,2,0,2,0,0.00,0.86
681982,Grant Anderson,MIL,0,0,0,0,0,0,0,0,0,0,0.000,3.1,0,0,2,2,3,1,5.40,1.20
656550,Grant Holmes,ATL,0,0,0,0,0,0,0,0,0,0,0.000,6.0,1,0,4,2,5,2,3.00,1.17
691799,Grant Taylor,CWS,0,0,0,0,0,0,0,0,0,0,0.000,3.0,0,1,6,0,1,0,0.00,0.33
664991,Grant Wolfram,BAL,0,0,0,0,0,0,0,0,0,0,0.000,2.1,0,0,3,0,1,0,0.00,0.43
680570,Grayson Rodriguez,LAA,0,0,0,0,0,0,0,0,0,0,0.000,3.2,0,0,3,7,7,3,17.18,2.73
669711,Greg Weissert,BOS,0,0,0,0,0,0,0,0,0,0,0.000,1.2,0,0,3,0,0,0,0.00,0.00
642397,Gregory Soto,PIT,0,0,0,0,0,0,0,0,0,0,0.000,0.2,0,1,2,3,3,1,40.50,6.00
656288,Griffin Canning,SD,0,0,0,0,0,0,0,0,0,0,0.000,5.0,0,0,6,1,3,2,1.80,1.00
643377,Griffin Jax,TB,0,0,0,0,0,0,0,0,0,0,0.000,9.0,0,0,9,6,10,3,6.00,1.44
683002,Gunnar Henderson,BAL,27,24,4,0,0,0,6,2,1,0,0.333,0.0,0,0,0,0,0,0,0.00,0.00
681402,Gus Varland,WSH,0,0,0,0,0,0,0,0,0,0,0.000,1.2,0,0,1,1,2,1,5.40,1.80
673490,Ha-Seong Kim,ATL,7,7,0,0,1,0,1,0,0,0,0.143,0.0,0,0,0,0,0,0,0.00,0.00
701678,Hao-Yu  Lee,DET,5,5,2,1,1,0,2,0,0,0,0.400,0.0,0,0,0,0,0,0,0.00,0.00
696522,Hayden Juenger,TOR,0,0,0,0,0,0,0,0,0,0,0.000,1.0,0,0,0,0,0,0,0.00,0.00
663584,Hayden Senger,NYM,2,2,0,0,0,0,0,0,0,0,0.000,0.0,0,0,0,0,0,0,0.00,0.00
703607,Henry Bolte,ATH,18,16,1,0,1,0,6,1,1,0,0.444,0.0,0,0,0,0,0,0,0.00,0.00
680779,Henry Davis,PIT,8,6,1,1,5,0,1,1,0,1,0.250,0.0,0,0,0,0,0,0,0.00,0.00
681715,Heriberto Hernández,MIA,20,19,4,3,5,0,6,1,0,0,0.350,0.0,0,0,0,0,0,0,0.00,0.00
571948,Hoby Milner,CHC,0,0,0,0,0,0,0,0,0,0,0.000,2.2,0,0,2,6,5,0,20.25,1.88
663687,Hogan Harris,ATH,0,0,0,0,0,0,0,0,0,0,0.000,2.1,1,1,3,0,1,0,0.00,0.43
623211,Huascar Brazobán,NYM,0,0,0,0,0,0,0,0,0,0,0.000,4.0,0,0,2,2,3,3,4.50,1.50
690928,Hunter Dobbins,STL,0,0,0,0,0,0,0,0,0,0,0.000,5.0,1,0,6,0,4,2,0.00,1.20
676439,Hunter Feduccia,TB,7,6,0,0,0,0,1,1,0,0,0.286,0.0,0,0,0,0,0,0,0.00,0.00
683769,Hunter Gaddis,CLE,0,0,0,0,0,0,0,0,0,0,0.000,2.0,0,0,2,0,1,0,0.00,0.50
696100,Hunter Goodman,COL,28,22,5,4,8,2,6,5,0,1,0.393,0.0,0,0,0,0,0,0,0.00,0.00
664023,Ian Happ,CHC,22,20,3,1,3,0,5,1,1,0,0.318,0.0,0,0,0,0,0,0,0.00,0.00
693855,Ian Seymour,TB,0,0,0,0,0,0,0,0,0,0,0.000,2.0,0,0,1,3,2,3,13.50,2.50
545121,Ildemaro Vargas,AZ,16,14,0,0,0,0,1,1,1,0,0.188,0.0,0,0,0,0,0,0,0.00,0.00
686555,Isaac Collins,KC,26,19,1,0,0,0,4,5,0,0,0.375,0.0,0,0,0,0,0,0,0.00,0.00
670623,Isaac Paredes,HOU,27,21,5,3,9,0,6,4,0,2,0.370,0.0,0,0,0,0,0,0,0.00,0.00
643396,Isiah Kiner-Falefa,BOS,16,16,1,0,1,0,1,0,0,0,0.062,0.0,0,0,0,0,0,0,0.00,0.00
671056,Iván Herrera,STL,28,25,3,0,1,0,4,1,2,0,0.250,0.0,0,0,0,0,0,0,0.00,0.00
641555,J.C. Escarra,NYY,3,3,0,0,0,0,0,0,0,0,0.000,0.0,0,0,0,0,0,0,0.00,0.00
641487,J.P. Crawford,SEA,15,11,2,1,1,0,4,3,1,0,0.533,0.0,0,0,0,0,0,0,0.00,0.00
669372,J.T. Ginn,ATH,0,0,0,0,0,0,0,0,0,0,0.000,6.0,0,0,8,1,2,1,1.50,0.50
592663,J.T. Realmuto,PHI,15,11,3,1,1,1,1,4,0,0,0.333,0.0,0,0,0,0,0,0,0.00,0.00
668709,JJ Bleday,CIN,27,26,1,1,2,1,4,1,0,0,0.185,0.0,0,0,0,0,0,0,0.00,0.00
802139,JJ Wetherholt,STL,14,12,1,0,0,0,2,2,0,0,0.286,0.0,0,0,0,0,0,0,0.00,0.00
664141,JT Brubaker,SF,0,0,0,0,0,0,0,0,0,0,0.000,3.0,0,0,1,2,3,2,6.00,1.67
695506,Jac Caglianone,KC,23,18,3,1,4,1,7,4,1,0,0.522,0.0,0,0,0,0,0,0,0.00,0.00
676263,Jack Dreyer,LAD,0,0,0,0,0,0,0,0,0,0,0.000,4.1,0,0,3,3,3,0,6.23,0.69
656427,Jack Flaherty,DET,0,0,0,0,0,0,0,0,0,0,0.000,10.0,1,0,13,3,11,3,2.70,1.40
686799,Jack Kochanowicz,LAA,0,0,0,0,0,0,0,0,0,0,0.000,0.1,0,0,1,7,6,1,189.00,21.00
683004,Jack Leiter,TEX,0,0,0,0,0,0,0,0,0,0,0.000,4.2,0,0,2,5,6,3,9.64,1.93
678022,Jack Perkins,ATH,0,0,0,0,0,0,0,0,0,0,0.000,4.0,0,0,6,5,5,2,11.25,1.75
694192,Jackson Chourio,MIL,33,29,8,2,8,0,11,4,0,0,0.455,0.0,0,0,0,0,0,0,0.00,0.00
702616,Jackson Holliday,BAL,19,16,2,0,0,0,3,3,0,0,0.316,0.0,0,0,0,0,0,0,0.00,0.00
701538,Jackson Merrill,SD,24,22,1,1,3,0,3,2,0,0,0.208,0.0,0,0,0,0,0,0,0.00,0.00
694378,Jacob Gonzalez,CWS,20,17,2,1,4,0,5,3,0,0,0.400,0.0,0,0,0,0,0,0,0.00,0.00
656641,Jacob Latz,TEX,0,0,0,0,0,0,0,0,0,0,0.000,3.0,0,2,5,0,1,1,0.00,0.67
694819,Jacob Misiorowski,MIL,0,0,0,0,0,0,0,0,0,0,0.000,7.0,1,0,8,0,4,3,0.00,1.00
657097,Jacob Webb,CHC,0,0,0,0,0,0,0,0,0,0,0.000,3.2,0,0,3,0,2,1,0.00,0.82
696285,Jacob Young,WSH,18,18,2,1,2,1,4,0,0,0,0.222,0.0,0,0,0,0,0,0,0.00,0.00
594798,Jacob deGrom,TEX,0,0,0,0,0,0,0,0,0,0,0.000,11.0,2,0,14,0,7,3,0.00,0.91
677955,Jaden Hill,COL,0,0,0,0,0,0,0,0,0,0,0.000,1.2,0,0,1,7,4,5,37.80,5.40
663330,Jahmai Jones,DET,9,7,0,0,0,0,0,2,0,0,0.222,0.0,0,0,0,0,0,0,0.00,0.00
641343,Jake Bauers,MIL,27,17,7,2,7,1,5,10,0,0,0.556,0.0,0,0,0,0,0,0,0.00,0.00
669394,Jake Burger,TEX,23,21,1,0,1,0,3,2,0,0,0.217,0.0,0,0,0,0,0,0,0.00,0.00
663968,Jake Mangum,PIT,14,13,1,0,0,3,6,0,0,0,0.462,0.0,0,0,0,0,0,0,0.00,0.00
664983,Jake McCarthy,COL,30,28,4,1,2,1,8,2,0,0,0.333,0.0,0,0,0,0,0,0,0.00,0.00
676694,Jake Meyers,HOU,21,19,2,0,1,0,3,2,0,0,0.238,0.0,0,0,0,0,0,0,0.00,0.00
668670,Jake Rogers,DET,4,3,1,1,1,0,2,0,0,0,0.667,0.0,0,0,0,0,0,0,0.00,0.00
663765,Jake Woodford,MIL,0,0,0,0,0,0,0,0,0,0,0.000,4.0,0,0,3,4,7,0,9.00,1.75
596001,Jakob Junis,TEX,0,0,0,0,0,0,0,0,0,0,0.000,2.0,0,1,2,0,1,0,0.00,0.50
805300,Jakob Marsee,MIA,17,11,4,0,0,2,3,5,1,0,0.529,0.0,0,0,0,0,0,0,0.00,0.00
656222,Jalen Beeks,TEX,0,0,0,0,0,0,0,0,0,0,0.000,2.0,0,0,3,0,1,0,0.00,0.50
681546,James Outman,MIN,2,2,0,0,0,0,0,0,0,0,0.000,0.0,0,0,0,0,0,0,0.00,0.00
695578,James Wood,WSH,26,21,5,1,1,0,4,5,0,0,0.346,0.0,0,0,0,0,0,0,0.00,0.00
592791,Jameson Taillon,CHC,0,0,0,0,0,0,0,0,0,0,0.000,7.1,0,0,8,3,8,3,3.68,1.50
683003,Jared Jones,PIT,0,0,0,0,0,0,0,0,0,0,0.000,5.0,1,0,4,0,4,2,0.00,1.20
669707,Jared Triolo,PIT,23,18,5,0,1,0,3,5,0,0,0.348,0.0,0,0,0,0,0,0,0.00,0.00
676724,Jared Young,NYM,25,22,2,2,4,0,6,2,1,0,0.360,0.0,0,0,0,0,0,0,0.00,0.00
680776,Jarren Duran,BOS,21,21,3,0,0,1,3,0,0,0,0.143,0.0,0,0,0,0,0,0,0.00,0.00
687749,Jase Bowen,SD,12,12,0,0,0,0,1,0,0,0,0.083,0.0,0,0,0,0,0,0,0.00,0.00
592094,Jason Adam,SD,0,0,0,0,0,0,0,0,0,0,0.000,2.0,0,0,2,2,6,0,9.00,3.00
665871,Javier Assad,CHC,0,0,0,0,0,0,0,0,0,0,0.000,6.1,0,0,5,0,1,1,0.00,0.32
691594,Javier Sanoja,MIA,15,15,1,1,2,0,4,0,0,0,0.267,0.0,0,0,0,0,0,0,0.00,0.00
665862,Jazz Chisholm Jr.,NYY,19,17,5,2,5,2,3,1,0,1,0.211,0.0,0,0,0,0,0,0,0.00,0.00
656546,Jeff Hoffman,TOR,0,0,0,0,0,0,0,0,0,0,0.000,1.2,0,0,2,1,1,0,5.40,0.60
643446,Jeff McNeil,ATH,22,21,0,0,0,0,2,1,0,0,0.136,0.0,0,0,0,0,0,0,0.00,0.00
605488,Jeffrey Springs,ATH,0,0,0,0,0,0,0,0,0,0,0.000,3.2,0,0,3,4,7,1,9.82,2.18
669093,Jeremiah Estrada,SD,0,0,0,0,0,0,0,0,0,0,0.000,1.0,0,0,1,1,1,1,9.00,2.00
669236,Jeremiah Jackson,BAL,4,4,2,0,2,0,2,0,0,0,0.500,0.0,0,0,0,0,0,0,0.00,0.00
665161,Jeremy Peña,HOU,27,23,7,0,4,0,9,4,0,0,0.481,0.0,0,0,0,0,0,0,0.00,0.00
666200,Jesús Luzardo,PHI,0,0,0,0,0,0,0,0,0,0,0.000,6.0,0,0,2,5,7,2,7.50,1.50
660821,Jesús Sánchez,TOR,17,17,2,0,0,0,5,0,0,0,0.294,0.0,0,0,0,0,0,0,0.00,0.00
661395,Jhoan Duran,PHI,0,0,0,0,0,0,0,0,0,0,0.000,3.0,0,3,7,0,0,0,0.00,0.00
640902,Jhonny Pereda,SEA,15,14,1,1,3,0,6,1,0,0,0.467,0.0,0,0,0,0,0,0,0.00,0.00
691373,Jhostynxon Garcia,PIT,8,7,1,0,1,0,1,0,1,0,0.250,0.0,0,0,0,0,0,0,0.00,0.00
699625,Jimmy Crooks,STL,13,11,0,0,2,0,3,2,0,0,0.385,0.0,0,0,0,0,0,0,0.00,0.00
666176,Jo Adell,LAA,23,23,5,1,4,0,7,0,0,0,0.304,0.0,0,0,0,0,0,0,0.00,0.00
668941,JoJo Romero,STL,0,0,0,0,0,0,0,0,0,0,0.000,2.0,0,0,4,3,4,1,13.50,2.50
592626,Joc Pederson,TEX,23,21,1,0,5,0,5,1,1,0,0.304,0.0,0,0,0,0,0,0,0.00,0.00
686747,Joe La Sorsa,BOS,0,0,0,0,0,0,0,0,0,0,0.000,0.1,0,0,1,1,1,0,27.00,3.00
691788,Joe Mack,MIA,22,19,1,1,7,0,5,1,0,0,0.300,0.0,0,0,0,0,0,0,0.00,0.00
657746,Joe Ryan,MIN,0,0,0,0,0,0,0,0,0,0,0.000,12.0,1,0,14,5,14,2,3.75,1.33
669270,Joel Kuhnel,ATH,0,0,0,0,0,0,0,0,0,0,0.000,2.0,0,0,1,4,5,0,18.00,2.50
676282,Joey Cantillo,CLE,0,0,0,0,0,0,0,0,0,0,0.000,9.0,0,0,11,11,15,5,11.00,2.22
680702,Joey Gerber,NYM,0,0,0,0,0,0,0,0,0,0,0.000,1.0,0,0,0,0,0,0,0.00,0.00
687401,Joey Ortiz,MIL,15,12,2,0,3,0,3,3,0,0,0.400,0.0,0,0,0,0,0,0,0.00,0.00
667463,John King,MIA,0,0,0,0,0,0,0,0,0,0,0.000,2.1,2,0,0,0,0,0,0.00,0.00
670167,John Schreiber,KC,0,0,0,0,0,0,0,0,0,0,0.000,3.1,0,0,4,1,2,1,2.70,0.90
813841,Jonah Cox,SF,8,8,3,1,1,1,3,0,0,0,0.375,0.0,0,0,0,0,0,0,0.00,0.00
641680,Jonah Heim,ATH,6,6,1,1,1,0,1,0,0,0,0.167,0.0,0,0,0,0,0,0,0.00,0.00
804636,Jonah Tong,NYM,0,0,0,0,0,0,0,0,0,0,0.000,3.1,0,0,4,4,5,2,10.80,2.10
666018,Jonathan Aranda,TB,27,22,0,0,1,0,2,5,0,0,0.259,0.0,0,0,0,0,0,0,0.00,0.00
680742,Jonathan Bowlan,PHI,0,0,0,0,0,0,0,0,0,0,0.000,3.0,1,0,5,0,3,0,0.00,1.00
642546,Jonathan Hernández,LAD,0,0,0,0,0,0,0,0,0,0,0.000,3.2,0,0,4,6,7,2,14.73,2.45
642528,Jonathan Loáisiga,AZ,0,0,0,0,0,0,0,0,0,0,0.000,2.1,0,0,3,2,3,3,7.71,2.57
678391,Jorbit Vivas,WSH,11,10,0,0,3,0,2,1,0,0,0.273,0.0,0,0,0,0,0,0,0.00,0.00
691023,Jordan Walker,STL,27,27,5,1,4,3,11,0,0,0,0.407,0.0,0,0,0,0,0,0,0.00,0.00
678489,Jorge Barrosa,AZ,11,11,1,0,0,0,1,0,0,0,0.091,0.0,0,0,0,0,0,0,0.00,0.00
622761,Jorge Mateo,ATL,7,6,1,0,0,0,0,1,0,0,0.143,0.0,0,0,0,0,0,0,0.00,0.00
624585,Jorge Soler,LAA,12,11,2,0,2,0,4,1,0,0,0.417,0.0,0,0,0,0,0,0,0.00,0.00
514888,Jose Altuve,HOU,8,7,2,1,1,0,2,1,0,0,0.375,0.0,0,0,0,0,0,0,0.00,0.00
699912,Jose Fernandez,AZ,11,10,0,0,0,1,2,1,0,0,0.273,0.0,0,0,0,0,0,0,0.00,0.00
642350,Jose Siri,LAA,15,13,5,1,7,0,5,1,0,0,0.429,0.0,0,0,0,0,0,0,0.00,0.00
605137,Josh Bell,MIN,25,23,4,1,4,0,6,1,1,0,0.320,0.0,0,0,0,0,0,0,0.00,0.00
623352,Josh Hader,HOU,0,0,0,0,0,0,0,0,0,0,0.000,2.0,0,1,4,0,0,1,0.00,0.50
673962,Josh Jung,TEX,27,24,3,1,4,0,7,1,1,1,0.333,0.0,0,0,0,0,0,0,0.00,0.00
647304,Josh Naylor,SEA,22,20,4,1,2,0,6,1,1,0,0.364,0.0,0,0,0,0,0,0,0.00,0.00
668942,Josh Rojas,KC,5,5,1,0,2,0,1,0,0,0,0.200,0.0,0,0,0,0,0,0,0.00,0.00
678606,José A. Ferrer,SEA,0,0,0,0,0,0,0,0,0,0,0.000,3.1,0,0,3,0,1,3,0.00,1.20
621237,José Alvarado,PHI,0,0,0,0,0,0,0,0,0,0,0.000,3.0,2,0,3,2,2,1,6.00,1.00
676609,José Caballero,NYY,16,15,3,1,1,1,3,1,0,0,0.250,0.0,0,0,0,0,0,0,0.00,0.00
820862,José Fermin,LAA,0,0,0,0,0,0,0,0,0,0,0.000,0.2,0,0,2,5,4,2,67.50,9.00
665877,José Fermín,STL,17,16,4,0,1,2,6,1,0,0,0.412,0.0,0,0,0,0,0,0,0.00,0.00
608070,José Ramírez,CLE,26,24,7,2,4,3,8,2,0,0,0.385,0.0,0,0,0,0,0,0,0.00,0.00
667755,José Soriano,LAA,0,0,0,0,0,0,0,0,0,0,0.000,10.2,1,0,9,6,11,9,5.06,1.88
660761,José Suarez,ATH,0,0,0,0,0,0,0,0,0,0,0.000,2.1,0,0,3,4,5,1,15.43,2.57
677588,José Tena,WSH,11,11,1,0,0,0,1,0,0,0,0.091,0.0,0,0,0,0,0,0,0.00,0.00
663558,Jovani Morán,BOS,0,0,0,0,0,0,0,0,0,0,0.000,2.0,0,0,3,0,1,1,0.00,1.00
675848,Juan Mejia,COL,0,0,0,0,0,0,0,0,0,0,0.000,2.1,0,0,3,3,5,2,11.57,3.00
666661,Juan Morillo,AZ,0,0,0,0,0,0,0,0,0,0,0.000,1.2,0,0,3,0,1,1,0.00,1.20
665742,Juan Soto,NYM,26,24,1,0,1,1,2,2,0,0,0.154,0.0,0,0,0,0,0,0,0.00,0.00
677594,Julio Rodríguez,SEA,28,24,4,1,2,4,5,3,0,1,0.286,0.0,0,0,0,0,0,0,0.00,0.00
808982,Jung Hoo Lee,SF,27,26,6,0,3,2,12,0,1,0,0.481,0.0,0,0,0,0,0,0,0.00,0.00
691406,Junior Caminero,TB,27,23,7,1,2,0,6,4,0,0,0.370,0.0,0,0,0,0,0,0,0.00,0.00
677865,Justin Bruihl,STL,0,0,0,0,0,0,0,0,0,0,0.000,1.1,0,0,1,0,1,0,0.00,0.75
702222,Justin Crawford,PHI,17,16,3,0,1,1,3,1,0,0,0.235,0.0,0,0,0,0,0,0,0.00,0.00
679822,Justin Foscue,TEX,10,8,3,1,2,0,2,1,1,0,0.400,0.0,0,0,0,0,0,0,0.00,0.00
664875,Justin Lawrence,MIN,0,0,0,0,0,0,0,0,0,0,0.000,2.2,0,0,4,0,1,3,0.00,1.50
686580,Justin Slaten,BOS,0,0,0,0,0,0,0,0,0,0,0.000,1.2,0,0,2,4,3,1,21.60,2.40
686993,Justin Sterner,ATH,0,0,0,0,0,0,0,0,0,0,0.000,2.2,0,1,2,0,0,0,0.00,0.00
680736,Justin Wrobleski,LAD,0,0,0,0,0,0,0,0,0,0,0.000,6.0,0,0,4,0,6,0,0.00,1.00
695034,Kade Morris,ATH,0,0,0,0,0,0,0,0,0,0,0.000,4.0,0,0,4,9,9,3,20.25,3.00
669704,Kade Strowd,AZ,0,0,0,0,0,0,0,0,0,0,0.000,1.0,0,0,1,1,1,3,9.00,4.00
678906,Kai-Wei Teng,HOU,0,0,0,0,0,0,0,0,0,0,0.000,5.0,0,0,1,4,7,2,7.20,1.80
672960,Kazuma Okamoto,TOR,25,24,4,1,4,0,10,1,0,0,0.440,0.0,0,0,0,0,0,0,0.00,0.00
676775,Keaton Winn,SF,0,0,0,0,0,0,0,0,0,0,0.000,4.1,1,1,3,1,3,1,2.08,0.92
669211,Keegan Akin,BAL,0,0,0,0,0,0,0,0,0,0,0.000,3.0,0,0,1,1,3,0,3.00,1.00
624522,Keegan Thompson,COL,0,0,0,0,0,0,0,0,0,0,0.000,6.1,0,0,6,7,11,0,9.95,1.74
660688,Keibert Ruiz,WSH,15,13,2,0,2,0,3,2,0,0,0.333,0.0,0,0,0,0,0,0,0.00,0.00
672456,Keider Montero,DET,0,0,0,0,0,0,0,0,0,0,0.000,5.0,0,0,1,4,6,1,7.20,1.40
681481,Kerry Carpenter,DET,19,17,2,2,5,0,5,1,0,1,0.316,0.0,0,0,0,0,0,0,0.00,0.00
606466,Ketel Marte,AZ,25,23,3,2,4,0,2,1,0,1,0.120,0.0,0,0,0,0,0,0,0.00,0.00
682634,Kevin Alcántara,CHC,4,4,1,0,0,0,0,0,0,0,0.000,0.0,0,0,0,0,0,0,0.00,0.00
592332,Kevin Gausman,TOR,0,0,0,0,0,0,0,0,0,0,0.000,11.0,0,0,13,8,10,2,6.55,1.09
656464,Kevin Ginkel,AZ,0,0,0,0,0,0,0,0,0,0,0.000,2.0,0,0,1,0,0,0,0.00,0.00
687330,Kevin Kelly,TB,0,0,0,0,0,0,0,0,0,0,0.000,1.0,0,0,2,0,1,1,0.00,2.00
805808,Kevin McGonigle,DET,23,20,4,1,3,0,7,3,0,0,0.435,0.0,0,0,0,0,0,0,0.00,0.00
489446,Kirby Yates,LAA,0,0,0,0,0,0,0,0,0,0,0.000,2.0,0,0,2,2,4,0,9.00,2.00
665019,Kody Clemens,MIN,24,23,6,2,2,1,8,1,0,0,0.375,0.0,0,0,0,0,0,0,0.00,0.00
681892,Kody Funderburk,MIN,0,0,0,0,0,0,0,0,0,0,0.000,1.0,0,0,0,0,0,1,0.00,1.00
677958,Kumar Rocker,TEX,0,0,0,0,0,0,0,0,0,0,0.000,5.0,0,0,5,2,6,1,3.60,1.40
680694,Kyle Bradish,BAL,0,0,0,0,0,0,0,0,0,0,0.000,4.0,0,0,3,5,9,3,11.25,3.00
640448,Kyle Finnegan,DET,0,0,0,0,0,0,0,0,0,0,0.000,3.0,0,0,2,1,2,1,3.00,1.00
607536,Kyle Freeland,COL,0,0,0,0,0,0,0,0,0,0,0.000,10.2,0,0,6,8,14,2,6.75,1.50
690986,Kyle Harrison,MIL,0,0,0,0,0,0,0,0,0,0,0.000,5.2,1,0,12,1,4,2,1.59,1.06
543309,Kyle Higashioka,TEX,14,12,4,1,1,0,6,2,0,0,0.571,0.0,0,0,0,0,0,0,0.00,0.00
669165,Kyle Hurt,LAD,0,0,0,0,0,0,0,0,0,0,0.000,3.0,0,0,6,4,4,3,12.00,2.33
664728,Kyle Isbel,KC,21,19,1,0,0,0,3,1,0,0,0.200,0.0,0,0,0,0,0,0,0.00,0.00
691720,Kyle Karros,COL,23,19,3,0,2,0,6,3,1,0,0.435,0.0,0,0,0,0,0,0,0.00,0.00
681517,Kyle Leahy,STL,0,0,0,0,0,0,0,0,0,0,0.000,4.0,0,0,1,3,5,2,6.75,1.75
700932,Kyle Manzardo,CLE,22,19,3,2,4,0,6,3,0,0,0.409,0.0,0,0,0,0,0,0,0.00,0.00
656941,Kyle Schwarber,PHI,28,21,4,1,1,0,6,7,0,0,0.464,0.0,0,0,0,0,0,0,0.00,0.00
669065,Kyle Stowers,MIA,27,23,1,1,4,0,4,2,0,1,0.231,0.0,0,0,0,0,0,0,0.00,0.00
663656,Kyle Tucker,LAD,25,22,2,1,3,0,4,3,0,0,0.280,0.0,0,0,0,0,0,0,0.00,0.00
664774,LaMonte Wade Jr.,HOU,10,10,2,1,3,0,3,0,0,0,0.300,0.0,0,0,0,0,0,0,0.00,0.00
669199,Lake Bachar,MIA,0,0,0,0,0,0,0,0,0,0,0.000,5.2,0,0,6,0,0,1,0.00,0.18
694738,Landen Roupp,SF,0,0,0,0,0,0,0,0,0,0,0.000,9.2,0,0,9,9,11,8,8.38,1.97
657041,Lane Thomas,KC,22,19,4,1,4,0,6,3,0,0,0.409,0.0,0,0,0,0,0,0,0.00,0.00
663457,Lars Nootbaar,STL,13,10,2,1,3,0,3,3,0,0,0.462,0.0,0,0,0,0,0,0,0.00,0.00
671732,Lawrence Butler,ATH,10,10,0,0,0,0,2,0,0,0,0.200,0.0,0,0,0,0,0,0,0.00,0.00
677870,Leo Jiménez,MIA,13,13,2,0,0,0,2,0,0,0,0.154,0.0,0,0,0,0,0,0,0.00,0.00
665750,Leody Taveras,BAL,19,17,1,0,2,1,2,1,0,0,0.167,0.0,0,0,0,0,0,0,0.00,0.00
689414,Liam Hicks,MIA,22,16,5,1,2,0,3,5,0,1,0.364,0.0,0,0,0,0,0,0,0.00,0.00
669302,Logan Gilbert,SEA,0,0,0,0,0,0,0,0,0,0,0.000,5.1,1,0,8,3,4,1,5.06,0.94
681351,Logan O'Hoppe,LAA,14,14,1,0,1,0,1,0,0,0,0.071,0.0,0,0,0,0,0,0,0.00,0.00
657277,Logan Webb,SF,0,0,0,0,0,0,0,0,0,0,0.000,7.0,1,0,4,0,1,1,0.00,0.29
686973,Louis Varland,TOR,0,0,0,0,0,0,0,0,0,0,0.000,3.2,0,3,3,0,1,0,0.00,0.27
694410,LuJames Groover,AZ,10,10,0,0,1,0,2,0,0,0,0.200,0.0,0,0,0,0,0,0,0.00,0.00
668674,Lucas Erceg,KC,0,0,0,0,0,0,0,0,0,0,0.000,2.2,0,1,3,1,3,3,3.38,2.25
608337,Lucas Giolito,SD,0,0,0,0,0,0,0,0,0,0,0.000,4.0,0,0,5,2,6,1,4.50,1.75
679883,Luinder Avila,KC,0,0,0,0,0,0,0,0,0,0,0.000,10.0,1,0,8,2,4,7,1.80,1.10
650333,Luis Arraez,SF,33,30,4,0,2,0,10,1,0,2,0.333,0.0,0,0,0,0,0,0,0.00,0.00
622491,Luis Castillo,SEA,0,0,0,0,0,0,0,0,0,0,0.000,5.2,0,0,5,1,2,1,1.59,0.53
681168,Luis Curvelo,TEX,0,0,0,0,0,0,0,0,0,0,0.000,2.1,0,0,1,1,4,0,3.86,1.71
671277,Luis García Jr.,WSH,22,20,2,2,7,0,3,2,0,0,0.227,0.0,0,0,0,0,0,0,0.00,0.00
665622,Luis Medina,ATH,0,0,0,0,0,0,0,0,0,0,0.000,1.0,0,0,1,0,3,1,0.00,4.00
682825,Luis Mey,CIN,0,0,0,0,0,0,0,0,0,0,0.000,0.1,0,0,0,2,1,3,54.00,12.00
650859,Luis Rengifo,MIL,25,19,4,0,5,0,4,4,0,1,0.333,0.0,0,0,0,0,0,0,0.00,0.00
620443,Luis Torrens,NYM,17,17,4,1,2,0,4,0,0,0,0.235,0.0,0,0,0,0,0,0,0.00,0.00
682668,Luisangel Acuña,CWS,8,7,3,0,1,3,4,1,0,0,0.625,0.0,0,0,0,0,0,0,0.00,0.00
807712,Luke Keaschall,MIN,25,22,3,0,3,0,4,2,0,1,0.240,0.0,0,0,0,0,0,0,0.00,0.00
670042,Luke Raley,SEA,21,20,0,0,0,0,2,0,0,0,0.100,0.0,0,0,0,0,0,0,0.00,0.00
596133,Luke Weaver,NYM,0,0,0,0,0,0,0,0,0,0,0.000,4.1,0,0,3,0,1,0,0.00,0.23
680689,Lyon Richardson,CIN,0,0,0,0,0,0,0,0,0,0,0.000,1.0,0,0,2,4,1,2,36.00,3.00
669004,MJ Melendez,NYM,16,14,2,1,2,0,2,1,1,0,0.250,0.0,0,0,0,0,0,0,0.00,0.00
669022,MacKenzie Gore,TEX,0,0,0,0,0,0,0,0,0,0,0.000,4.2,0,0,5,4,9,3,7.71,2.57
672580,Maikel Garcia,KC,11,9,1,0,2,0,2,2,0,0,0.364,0.0,0,0,0,0,0,0,0.00,0.00
592518,Manny Machado,SD,24,24,1,1,2,0,3,0,0,0,0.125,0.0,0,0,0,0,0,0,0.00,0.00
542303,Marcell Ozuna,PIT,10,9,1,0,1,0,3,1,0,0,0.400,0.0,0,0,0,0,0,0,0.00,0.00
691785,Marcelo Mayer,BOS,10,9,0,0,1,0,1,0,0,1,0.100,0.0,0,0,0,0,0,0,0.00,0.00
543760,Marcus Semien,NYM,24,23,4,3,3,0,5,1,0,0,0.250,0.0,0,0,0,0,0,0,0.00,0.00
643410,Mark Leiter Jr.,ATH,0,0,0,0,0,0,0,0,0,0,0.000,2.2,0,0,4,0,0,0,0.00,0.00
668901,Mark Vientos,NYM,10,10,0,0,0,0,0,0,0,0,0.000,0.0,0,0,0,0,0,0,0.00,0.00
527048,Martín Pérez,ATL,0,0,0,0,0,0,0,0,0,0,0.000,5.0,1,0,5,3,3,2,5.40,1.00
807799,Masataka Yoshida,BOS,13,11,1,0,0,0,1,1,1,0,0.231,0.0,0,0,0,0,0,0,0.00,0.00
686930,Mason Barnett,ATH,0,0,0,0,0,0,0,0,0,0,0.000,4.0,0,0,7,0,1,2,0.00,0.75
696131,Mason Black,KC,0,0,0,0,0,0,0,0,0,0,0.000,2.0,0,0,2,0,2,0,0.00,1.00
669438,Mason Englert,TB,0,0,0,0,0,0,0,0,0,0,0.000,5.0,0,0,3,1,4,0,1.80,0.80
689254,Mason Fluharty,TOR,0,0,0,0,0,0,0,0,0,0,0.000,3.0,0,0,4,1,4,1,3.00,1.67
695243,Mason Miller,SD,0,0,0,0,0,0,0,0,0,0,0.000,1.2,0,1,2,1,2,1,5.40,1.80
682254,Mason Montgomery,PIT,0,0,0,0,0,0,0,0,0,0,0.000,2.2,0,0,4,3,3,4,10.12,2.62
691026,Masyn Winn,STL,24,20,2,1,4,0,5,3,1,0,0.375,0.0,0,0,0,0,0,0,0.00,0.00
666374,Matt Brash,SEA,0,0,0,0,0,0,0,0,0,0,0.000,2.0,0,0,2,0,0,1,0.00,0.50
656305,Matt Chapman,SF,28,21,4,3,14,0,8,4,1,2,0.464,0.0,0,0,0,0,0,0,0.00,0.00
670036,Matt Festa,CLE,0,0,0,0,0,0,0,0,0,0,0.000,3.1,0,0,5,0,0,0,0.00,0.00
657424,Matt Gage,SF,0,0,0,0,0,0,0,0,0,0,0.000,1.0,0,0,1,2,3,2,18.00,5.00
680574,Matt McLain,CIN,17,15,5,3,5,0,5,2,0,0,0.412,0.0,0,0,0,0,0,0,0.00,0.00
621566,Matt Olson,ATL,25,24,6,1,2,1,8,0,0,1,0.320,0.0,0,0,0,0,0,0,0.00,0.00
621381,Matt Strahm,KC,0,0,0,0,0,0,0,0,0,0,0.000,3.0,2,0,0,2,2,0,6.00,0.67
663837,Matt Vierling,DET,14,13,2,0,2,0,3,0,0,1,0.214,0.0,0,0,0,0,0,0,0.00,0.00
669461,Matthew Liberatore,STL,0,0,0,0,0,0,0,0,0,0,0.000,4.1,0,0,4,3,4,3,6.23,1.62
643289,Mauricio Dubón,ATL,21,19,6,3,7,1,7,2,0,0,0.429,0.0,0,0,0,0,0,0,0.00,0.00
676974,Max Meyer,MIA,0,0,0,0,0,0,0,0,0,0,0.000,7.0,1,0,7,1,2,2,1.29,0.57
571970,Max Muncy,LAD,23,23,2,0,1,0,6,0,0,0,0.261,0.0,0,0,0,0,0,0,0.00,0.00
680474,Max Schuemann,NYY,4,3,0,0,0,0,0,1,0,0,0.250,0.0,0,0,0,0,0,0,0.00,0.00
518876,Merrill Kelly,AZ,0,0,0,0,0,0,0,0,0,0,0.000,5.0,0,0,4,7,6,3,12.60,1.80
683737,Michael Busch,CHC,25,22,1,0,1,0,6,3,0,0,0.360,0.0,0,0,0,0,0,0,0.00,0.00
624424,Michael Conforto,CHC,11,10,0,0,0,1,1,1,0,0,0.182,0.0,0,0,0,0,0,0,0.00,0.00
671739,Michael Harris II,ATL,18,17,2,0,4,0,5,1,0,0,0.333,0.0,0,0,0,0,0,0,0.00,0.00
680737,Michael Helman,TEX,8,8,2,1,1,0,1,0,0,0,0.125,0.0,0,0,0,0,0,0,0.00,0.00
650633,Michael King,SD,0,0,0,0,0,0,0,0,0,0,0.000,6.0,0,0,4,4,6,0,6.00,1.00
547179,Michael Lorenzen,COL,0,0,0,0,0,0,0,0,0,0,0.000,3.1,0,0,5,8,10,2,21.60,3.60
686681,Michael Massey,KC,26,26,3,2,5,0,10,0,0,0,0.385,0.0,0,0,0,0,0,0,0.00,0.00
700241,Michael McGreevy,STL,0,0,0,0,0,0,0,0,0,0,0.000,12.0,0,0,6,4,10,2,3.00,1.00
656848,Michael Petersen,MIA,0,0,0,0,0,0,0,0,0,0,0.000,4.0,0,0,7,1,2,2,2.25,1.00
647336,Michael Soroka,AZ,0,0,0,0,0,0,0,0,0,0,0.000,13.0,1,0,12,5,9,3,3.46,0.92
608379,Michael Wacha,KC,0,0,0,0,0,0,0,0,0,0,0.000,5.2,0,0,2,4,8,0,6.35,1.41
681508,Mickey Gasper,BOS,17,15,2,0,2,0,3,2,0,0,0.294,0.0,0,0,0,0,0,0,0.00,0.00
665804,Miguel Amaya,CHC,10,7,0,0,1,0,2,2,1,0,0.500,0.0,0,0,0,0,0,0,0.00,0.00
609280,Miguel Andujar,SD,18,18,0,0,0,1,4,0,0,0,0.222,0.0,0,0,0,0,0,0,0.00,0.00
500743,Miguel Rojas,LAD,12,11,0,0,0,0,2,1,0,0,0.250,0.0,0,0,0,0,0,0,0.00,0.00
678246,Miguel Vargas,CWS,30,24,5,2,7,0,8,5,0,0,0.448,0.0,0,0,0,0,0,0,0.00,0.00
681347,Mike Burrows,HOU,0,0,0,0,0,0,0,0,0,0,0.000,10.0,0,0,6,9,16,7,8.10,2.30
702474,Mike Paredes,MIN,0,0,0,0,0,0,0,0,0,0,0.000,3.2,0,0,1,3,2,1,7.36,0.82
545361,Mike Trout,LAA,27,23,2,0,0,0,2,4,0,0,0.222,0.0,0,0,0,0,0,0,0.00,0.00
573262,Mike Yastrzemski,ATL,18,14,1,0,0,0,1,3,1,0,0.278,0.0,0,0,0,0,0,0,0.00,0.00
571945,Miles Mikolas,WSH,0,0,0,0,0,0,0,0,0,0,0.000,6.0,0,0,4,6,6,2,9.00,1.33
815083,Mitch Farris,LAA,0,0,0,0,0,0,0,0,0,0,0.000,1.0,0,0,3,0,0,0,0.00,0.00
641598,Mitch Garver,SEA,7,7,0,0,1,0,1,0,0,0,0.143,0.0,0,0,0,0,0,0,0.00,0.00
656605,Mitch Keller,PIT,0,0,0,0,0,0,0,0,0,0,0.000,4.2,0,0,4,6,7,3,11.57,2.14
680730,Mitchell Parker,WSH,0,0,0,0,0,0,0,0,0,0,0.000,2.0,0,0,0,1,2,0,4.50,1.00
694208,Moisés Ballesteros,CHC,9,8,0,0,2,0,3,1,0,0,0.444,0.0,0,0,0,0,0,0,0.00,0.00
605141,Mookie Betts,LAD,25,22,2,0,1,0,3,3,0,0,0.240,0.0,0,0,0,0,0,0,0.00,0.00
664702,Myles Straw,TOR,13,12,1,0,3,0,2,0,0,0,0.167,0.0,0,0,0,0,0,0,0.00,0.00
683083,Nasim Nuñez,WSH,13,12,1,0,2,1,4,0,0,0,0.333,0.0,0,0,0,0,0,0,0.00,0.00
663878,Nate Pearson,HOU,0,0,0,0,0,0,0,0,0,0,0.000,3.0,0,0,5,3,3,2,9.00,1.67
543135,Nathan Eovaldi,TEX,0,0,0,0,0,0,0,0,0,0,0.000,6.0,0,0,7,4,11,1,6.00,2.00
664770,Nathan Lukes,TOR,24,22,4,1,3,0,8,1,1,0,0.417,0.0,0,0,0,0,0,0,0.00,0.00
663993,Nathaniel Lowe,CIN,16,15,0,0,0,0,2,1,0,0,0.188,0.0,0,0,0,0,0,0,0.00,0.00
676369,Nelson Velázquez,STL,12,11,2,0,1,0,4,1,0,0,0.417,0.0,0,0,0,0,0,0,0.00,0.00
669397,Nick Allen,HOU,13,13,2,0,0,0,3,0,0,0,0.231,0.0,0,0,0,0,0,0,0.00,0.00
663743,Nick Fortes,TB,14,13,1,0,2,0,2,0,1,0,0.214,0.0,0,0,0,0,0,0,0.00,0.00
693304,Nick Gonzales,PIT,26,25,7,1,5,0,9,1,0,0,0.385,0.0,0,0,0,0,0,0,0.00,0.00
701762,Nick Kurtz,ATH,26,20,3,2,4,1,3,6,0,0,0.346,0.0,0,0,0,0,0,0,0.00,0.00
666157,Nick Lodolo,CIN,0,0,0,0,0,0,0,0,0,0,0.000,5.0,0,0,3,4,9,1,7.20,2.00
679845,Nick Loftin,KC,25,20,4,1,4,0,6,4,0,1,0.400,0.0,0,0,0,0,0,0,0.00,0.00
663611,Nick Madrigal,LAA,20,17,4,0,1,0,6,3,0,0,0.450,0.0,0,0,0,0,0,0,0.00,0.00
607259,Nick Martinez,TB,0,0,0,0,0,0,0,0,0,0,0.000,4.0,0,0,1,6,9,1,13.50,2.50
670032,Nicky Lopez,TEX,11,10,1,0,1,0,3,0,0,0,0.300,0.0,0,0,0,0,0,0,0.00,0.00
663538,Nico Hoerner,CHC,24,21,2,0,0,1,4,3,0,0,0.292,0.0,0,0,0,0,0,0,0.00,0.00
702070,Noah Cameron,KC,0,0,0,0,0,0,0,0,0,0,0.000,13.0,1,0,15,1,4,0,0.69,0.31
682622,Noelvi Marte,CIN,9,7,1,0,0,0,2,2,0,0,0.444,0.0,0,0,0,0,0,0,0.00,0.00
571448,Nolan Arenado,AZ,26,24,3,1,3,0,4,2,0,0,0.231,0.0,0,0,0,0,0,0,0.00,0.00
669357,Nolan Gorman,STL,16,15,1,1,1,0,1,1,0,0,0.125,0.0,0,0,0,0,0,0,0.00,0.00
690997,Nolan McLean,NYM,0,0,0,0,0,0,0,0,0,0,0.000,6.0,0,0,5,1,3,3,1.50,1.00
694384,Nolan Schanuel,LAA,8,7,1,0,0,0,0,1,0,0,0.125,0.0,0,0,0,0,0,0,0.00,0.00
686554,Oliver Dunn,TB,3,3,0,0,0,0,0,0,0,0,0.000,0.0,0,0,0,0,0,0,0.00,0.00
665833,Oneil Cruz,PIT,22,15,3,1,3,2,6,7,0,0,0.591,0.0,0,0,0,0,0,0,0.00,0.00
689147,Orion Kerkering,PHI,0,0,0,0,0,0,0,0,0,0,0.000,3.0,0,0,4,0,3,3,0.00,2.00
606115,Orlando Arcia,MIN,14,13,3,1,1,0,3,1,0,0,0.286,0.0,0,0,0,0,0,0,0.00,0.00
687377,Orlando Ribalta,WSH,0,0,0,0,0,0,0,0,0,0,0.000,1.2,0,0,1,0,1,2,0.00,1.80
672724,Oswald Peraza,LAA,26,26,2,0,3,1,6,0,0,0,0.231,0.0,0,0,0,0,0,0,0.00,0.00
672640,Otto Lopez,MIA,27,26,4,1,2,0,10,1,0,0,0.407,0.0,0,0,0,0,0,0,0.00,0.00
683357,Owen Caissie,MIA,14,10,1,0,1,0,0,4,0,0,0.286,0.0,0,0,0,0,0,0,0.00,0.00
645277,Ozzie Albies,ATL,24,17,3,1,7,1,5,3,1,3,0.375,0.0,0,0,0,0,0,0,0.00,0.00
664731,P.J. Higgins,CIN,3,3,0,0,0,0,0,0,0,0,0.000,0.0,0,0,0,0,0,0,0.00,0.00
800048,Parker Messick,CLE,0,0,0,0,0,0,0,0,0,0,0.000,5.2,0,0,4,3,5,1,4.76,1.06
672275,Patrick Bailey,CLE,16,16,2,0,0,0,2,0,0,0,0.125,0.0,0,0,0,0,0,0,0.00,0.00
571578,Patrick Corbin,TOR,0,0,0,0,0,0,0,0,0,0,0.000,5.0,0,0,1,4,6,2,7.20,1.60
621550,Patrick Wisdom,SEA,17,15,2,1,2,0,2,2,0,0,0.235,0.0,0,0,0,0,0,0,0.00,0.00
621112,Paul Blackburn,NYY,0,0,0,0,0,0,0,0,0,0,0.000,3.2,0,0,3,0,1,0,0.00,0.27
502671,Paul Goldschmidt,NYY,20,20,3,1,5,1,7,0,0,0,0.350,0.0,0,0,0,0,0,0,0.00,0.00
623149,Paul Sewald,AZ,0,0,0,0,0,0,0,0,0,0,0.000,2.0,1,1,2,0,1,0,0.00,0.50
694973,Paul Skenes,PIT,0,0,0,0,0,0,0,0,0,0,0.000,4.2,0,0,7,1,6,1,1.93,1.50
656976,Pavin Smith,AZ,15,12,1,0,2,0,2,2,0,1,0.267,0.0,0,0,0,0,0,0,0.00,0.00
687606,Paxton Schultz,WSH,0,0,0,0,0,0,0,0,0,0,0.000,4.2,0,0,4,0,2,1,0.00,0.64
801139,Payton Tolle,BOS,0,0,0,0,0,0,0,0,0,0,0.000,6.0,1,0,5,0,7,2,0.00,1.50
686780,Pedro Pagés,STL,2,2,0,0,0,0,0,0,0,0,0.000,0.0,0,0,0,0,0,0,0.00,0.00
699393,Pedro Ramírez,CHC,17,15,1,0,0,0,3,2,0,0,0.294,0.0,0,0,0,0,0,0,0.00,0.00
624413,Pete Alonso,BAL,26,23,4,2,4,0,7,3,0,0,0.385,0.0,0,0,0,0,0,0,0.00,0.00
691718,Pete Crow-Armstrong,CHC,27,25,4,4,6,2,11,1,1,0,0.481,0.0,0,0,0,0,0,0,0.00,0.00
664126,Pete Fairbanks,MIA,0,0,0,0,0,0,0,0,0,0,0.000,2.2,0,1,2,2,3,3,6.75,2.25
663567,Peter Lambert,HOU,0,0,0,0,0,0,0,0,0,0,0.000,5.1,1,0,4,1,5,4,1.69,1.69
682608,Peyton Gray,TEX,0,0,0,0,0,0,0,0,0,0,0.000,3.2,1,0,5,1,2,0,2.45,0.55
664208,Phil Maton,CHC,0,0,0,0,0,0,0,0,0,0,0.000,1.2,0,0,1,1,2,1,5.40,1.80
691769,Philip Abner,AZ,0,0,0,0,0,0,0,0,0,0,0.000,1.1,0,0,2,5,5,1,33.75,4.50
646240,Rafael Devers,SF,33,29,4,1,2,0,4,4,0,0,0.242,0.0,0,0,0,0,0,0,0.00,0.00
665561,Rafael Marchán,PHI,4,4,1,1,2,0,1,0,0,0,0.250,0.0,0,0,0,0,0,0,0.00,0.00
628452,Raisel Iglesias,ATL,0,0,0,0,0,0,0,0,0,0,0.000,3.0,0,3,3,0,4,1,0.00,1.67
545341,Randal Grichuk,CWS,13,13,3,2,4,0,5,0,0,0,0.385,0.0,0,0,0,0,0,0,0.00,0.00
668227,Randy Arozarena,SEA,27,21,3,0,3,3,5,4,2,0,0.407,0.0,0,0,0,0,0,0,0.00,0.00
681190,Randy Vásquez,SD,0,0,0,0,0,0,0,0,0,0,0.000,9.0,0,0,6,6,13,3,6.00,1.78
624133,Ranger Suarez,BOS,0,0,0,0,0,0,0,0,0,0,0.000,6.1,0,0,6,1,6,0,1.42,0.95
672282,Reid Detmers,LAA,0,0,0,0,0,0,0,0,0,0,0.000,6.0,0,0,6,0,2,2,0.00,0.67
625643,Reynaldo López,ATL,0,0,0,0,0,0,0,0,0,0,0.000,2.1,1,0,3,4,6,2,15.43,3.43
695076,Rhett Lowder,CIN,0,0,0,0,0,0,0,0,0,0,0.000,3.0,0,0,4,0,1,5,0.00,2.00
656555,Rhys Hoskins,CLE,12,8,1,1,3,0,2,4,0,0,0.500,0.0,0,0,0,0,0,0,0.00,0.00
663992,Richard Lovelady,WSH,0,0,0,0,0,0,0,0,0,0,0.000,2.2,0,0,2,2,2,3,6.75,1.88
680700,Richie Palacios,TB,26,23,3,0,2,0,4,3,0,0,0.269,0.0,0,0,0,0,0,0,0.00,0.00
670329,Rico Garcia,BAL,0,0,0,0,0,0,0,0,0,0,0.000,1.2,0,1,3,1,1,0,5.40,0.60
807747,Rikuu Nishida,CWS,12,12,2,0,0,0,3,0,0,0,0.250,0.0,0,0,0,0,0,0,0.00,0.00
683000,Riley Cornelio,WSH,0,0,0,0,0,0,0,0,0,0,0.000,2.0,0,0,1,1,2,3,4.50,2.50
682985,Riley Greene,DET,27,23,3,2,4,0,8,4,0,0,0.444,0.0,0,0,0,0,0,0,0.00,0.00
676617,Riley O'Brien,STL,0,0,0,0,0,0,0,0,0,0,0.000,4.0,0,3,4,3,6,3,6.75,2.25
608701,Rob Refsnyder,SEA,8,8,0,0,1,0,2,0,0,0,0.250,0.0,0,0,0,0,0,0,0.00,0.00
592662,Robbie Ray,SF,0,0,0,0,0,0,0,0,0,0,0.000,5.0,1,0,4,0,2,5,0.00,1.40
695239,Robby Ahlstrom,TEX,0,0,0,0,0,0,0,0,0,0,0.000,3.1,0,0,2,0,1,0,0.00,0.30
688107,Robert Gasser,MIL,0,0,0,0,0,0,0,0,0,0,0.000,5.0,0,0,5,1,5,1,1.80,1.20
663158,Robert Suarez,ATL,0,0,0,0,0,0,0,0,0,0,0.000,3.1,0,0,3,0,3,0,0.00,0.90
660710,Rodolfo Durán,SD,5,2,0,0,0,0,0,3,0,0,0.600,0.0,0,0,0,0,0,0,0.00,0.00
808963,Roki Sasaki,LAD,0,0,0,0,0,0,0,0,0,0,0.000,7.0,0,0,10,0,2,2,0.00,0.57
676760,Ron Marinaccio,SD,0,0,0,0,0,0,0,0,0,0,0.000,3.1,0,0,5,1,2,1,2.70,0.90
660670,Ronald Acuña Jr.,ATL,25,23,4,0,1,3,6,2,0,0,0.320,0.0,0,0,0,0,0,0,0.00,0.00
668904,Royce Lewis,MIN,8,7,0,0,0,0,1,1,0,0,0.250,0.0,0,0,0,0,0,0,0.00,0.00
663372,Ryan Feltner,COL,0,0,0,0,0,0,0,0,0,0,0.000,6.0,0,0,4,1,1,2,1.50,0.50
687473,Ryan Gusto,MIA,0,0,0,0,0,0,0,0,0,0,0.000,4.0,0,0,4,6,8,1,13.50,2.25
668952,Ryan Kreidler,MIN,13,11,0,0,2,0,1,1,1,0,0.231,0.0,0,0,0,0,0,0,0.00,0.00
641857,Ryan McMahon,NYY,9,9,0,0,1,0,2,0,0,0,0.222,0.0,0,0,0,0,0,0,0.00,0.00
656811,Ryan O'Hearn,PIT,20,19,2,1,3,0,4,1,0,0,0.250,0.0,0,0,0,0,0,0,0.00,0.00
669020,Ryan Rolison,CHC,0,0,0,0,0,0,0,0,0,0,0.000,3.0,2,0,5,0,0,1,0.00,0.33
657044,Ryan Thompson,AZ,0,0,0,0,0,0,0,0,0,0,0.000,1.2,0,0,2,0,3,0,0.00,1.80
668723,Ryan Vilade,TB,15,15,1,1,5,0,5,0,0,0,0.333,0.0,0,0,0,0,0,0,0.00,0.00
814439,Ryan Waldschmidt,AZ,23,23,0,0,1,0,6,0,0,0,0.261,0.0,0,0,0,0,0,0,0.00,0.00
669899,Ryan Ward,LAD,15,14,3,1,4,0,3,1,0,0,0.267,0.0,0,0,0,0,0,0,0.00,0.00
670245,Ryan Watson,BOS,0,0,0,0,0,0,0,0,0,0,0.000,3.0,0,1,2,1,2,2,3.00,1.33
677960,Ryan Weathers,NYY,0,0,0,0,0,0,0,0,0,0,0.000,6.0,0,0,4,5,7,1,7.50,1.33
642232,Ryan Yarbrough,NYY,0,0,0,0,0,0,0,0,0,0,0.000,1.0,0,0,2,0,0,1,0.00,1.00
666171,Ryan Zeferjahn,LAA,0,0,0,0,0,0,0,0,0,0,0.000,4.0,0,0,4,1,2,3,2.25,1.25
669194,Ryne Nelson,AZ,0,0,0,0,0,0,0,0,0,0,0.000,7.0,0,0,3,2,5,2,2.57,1.00
592773,Ryne Stanek,STL,0,0,0,0,0,0,0,0,0,0,0.000,4.0,1,0,3,0,1,0,0.00,0.25
686217,Sal Frelick,MIL,28,24,3,0,5,1,7,4,0,0,0.393,0.0,0,0,0,0,0,0,0.00,0.00
701398,Sal Stewart,CIN,25,23,1,0,2,0,4,2,0,0,0.240,0.0,0,0,0,0,0,0,0.00,0.00
521692,Salvador Perez,KC,19,17,1,0,1,0,3,1,0,1,0.211,0.0,0,0,0,0,0,0,0.00,0.00
691951,Sam Aldegheri,LAA,0,0,0,0,0,0,0,0,0,0,0.000,5.1,0,0,5,0,4,2,0.00,1.12
803011,Sam Antonacci,CWS,29,23,6,0,2,0,8,2,4,0,0.483,0.0,0,0,0,0,0,0,0.00,0.00
696147,Sam Bachman,LAA,0,0,0,0,0,0,0,0,0,0,0.000,1.1,0,0,3,0,0,0,0.00,0.00
656529,Sam Hentges,SF,0,0,0,0,0,0,0,0,0,0,0.000,1.0,1,0,1,1,1,3,9.00,4.00
669087,Sam Huff,BAL,0,0,0,0,0,0,0,0,0,0,0.000,0.0,0,0,0,0,0,0,0.00,0.00
594580,Sam Moll,CIN,0,0,0,0,0,0,0,0,0,0,0.000,2.0,0,0,3,2,4,2,9.00,3.00
669392,Samad Taylor,SD,6,4,2,0,0,0,1,2,0,0,0.500,0.0,0,0,0,0,0,0,0.00,0.00
694212,Samuel Basallo,BAL,19,17,2,0,1,0,2,2,0,0,0.211,0.0,0,0,0,0,0,0,0.00,0.00
696519,Samy Natera Jr.,LAA,0,0,0,0,0,0,0,0,0,0,0.000,2.0,0,0,3,0,0,1,0.00,0.50
645261,Sandy Alcantara,MIA,0,0,0,0,0,0,0,0,0,0,0.000,14.0,2,0,12,4,12,1,2.57,0.93
506702,Sandy León,ATL,11,11,0,0,0,0,1,0,0,0,0.091,0.0,0,0,0,0,0,0,0.00,0.00
669289,Santiago Espinal,LAD,5,5,1,0,0,0,1,0,0,0,0.200,0.0,0,0,0,0,0,0,0.00,0.00
605130,Scott Barlow,ATH,0,0,0,0,0,0,0,0,0,0,0.000,1.2,0,0,1,2,3,1,10.80,2.40
680732,Sean Burke,CWS,0,0,0,0,0,0,0,0,0,0,0.000,4.1,1,0,7,3,3,5,6.23,1.85
640455,Sean Manaea,NYM,0,0,0,0,0,0,0,0,0,0,0.000,9.0,1,0,7,3,5,2,3.00,0.78
656794,Sean Newcomb,CWS,0,0,0,0,0,0,0,0,0,0,0.000,4.0,0,0,4,0,1,0,0.00,0.25
665861,Sebastián Rivero,LAA,8,8,1,0,6,0,5,0,0,0,0.625,0.0,0,0,0,0,0,0,0.00,0.00
673548,Seiya Suzuki,CHC,21,18,4,2,2,0,5,3,0,0,0.381,0.0,0,0,0,0,0,0,0.00,0.00
622554,Seranthony Domínguez,CWS,0,0,0,0,0,0,0,0,0,0,0.000,0.1,0,0,1,0,0,1,0.00,3.00
678020,Seth Halvorsen,COL,0,0,0,0,0,0,0,0,0,0,0.000,3.0,0,0,2,0,2,2,0.00,1.33
607625,Seth Lugo,KC,0,0,0,0,0,0,0,0,0,0,0.000,5.0,0,0,4,5,6,1,9.00,1.40
669358,Shane Baz,BAL,0,0,0,0,0,0,0,0,0,0,0.000,12.2,1,0,9,3,11,3,2.13,1.11
675660,Shane Drohan,MIL,0,0,0,0,0,0,0,0,0,0,0.000,10.1,1,0,9,5,9,3,4.35,1.16
663556,Shane McClanahan,TB,0,0,0,0,0,0,0,0,0,0,0.000,5.0,0,0,6,4,8,2,7.20,2.00
542888,Shawn Armstrong,CLE,0,0,0,0,0,0,0,0,0,0,0.000,2.0,0,0,1,0,0,0,0.00,0.00
669127,Shea Langeliers,ATH,27,27,4,2,3,1,5,0,0,0,0.185,0.0,0,0,0,0,0,0,0.00,0.00
660271,Shohei Ohtani,LAD,29,25,7,1,4,0,12,4,0,0,0.552,6.0,1,0,6,0,2,1,0.00,0.50
684007,Shota Imanaga,CHC,0,0,0,0,0,0,0,0,0,0,0.000,6.0,0,0,5,6,6,1,9.00,1.17
677944,Slade Cecconi,CLE,0,0,0,0,0,0,0,0,0,0,0.000,6.0,0,0,4,1,4,1,1.50,0.83
543243,Sonny Gray,BOS,0,0,0,0,0,0,0,0,0,0,0.000,6.1,1,0,3,3,8,2,4.26,1.58
681293,Spencer Arrighetti,HOU,0,0,0,0,0,0,0,0,0,0,0.000,4.0,0,0,3,4,6,1,9.00,1.75
687462,Spencer Horwitz,PIT,27,23,2,1,1,0,6,4,0,0,0.370,0.0,0,0,0,0,0,0,0.00,0.00
682987,Spencer Jones,NYY,4,4,0,0,1,0,3,0,0,0,0.750,0.0,0,0,0,0,0,0,0.00,0.00
693686,Spencer Miles,TOR,0,0,0,0,0,0,0,0,0,0,0.000,4.1,1,0,5,2,2,1,4.15,0.69
668715,Spencer Steer,CIN,25,19,4,2,3,0,4,5,0,1,0.360,0.0,0,0,0,0,0,0,0.00,0.00
675911,Spencer Strider,ATL,0,0,0,0,0,0,0,0,0,0,0.000,5.0,1,0,3,3,5,2,5.40,1.40
679529,Spencer Torkelson,DET,24,21,4,1,3,0,4,1,1,1,0.250,0.0,0,0,0,0,0,0,0.00,0.00
516782,Starling Marte,KC,9,9,2,1,3,0,2,0,0,0,0.222,0.0,0,0,0,0,0,0,0.00,0.00
663568,Stephen Kolek,KC,0,0,0,0,0,0,0,0,0,0,0.000,7.0,0,0,8,2,6,2,2.57,1.14
694514,Sterlin Thompson,COL,21,18,3,0,3,0,6,3,0,0,0.429,0.0,0,0,0,0,0,0,0.00,0.00
674444,Steven Cruz,KC,0,0,0,0,0,0,0,0,0,0,0.000,1.1,0,0,2,0,1,0,0.00,0.75
680757,Steven Kwan,CLE,21,21,4,0,0,1,7,0,0,0,0.333,0.0,0,0,0,0,0,0,0.00,0.00
571927,Steven Matz,TB,0,0,0,0,0,0,0,0,0,0,0.000,2.2,0,0,2,6,6,2,20.25,3.00
595345,Steven Okert,HOU,0,0,0,0,0,0,0,0,0,0,0.000,4.0,0,0,4,0,1,2,0.00,0.75
672642,Steward Berroa,PHI,3,3,0,0,0,0,0,0,0,0,0.000,0.0,0,0,0,0,0,0,0.00,0.00
656413,Stuart Fairchild,CLE,4,2,0,0,1,0,1,2,0,0,0.750,0.0,0,0,0,0,0,0,0.00,0.00
823550,Sung-Mun Song,SD,9,8,2,0,0,1,2,1,0,0,0.333,0.0,0,0,0,0,0,0,0.00,0.00
670770,TJ Friedl,CIN,1,1,0,0,0,0,0,0,0,0,0.000,0.0,0,0,0,0,0,0,0.00,0.00
681198,TJ Rumfield,COL,22,19,2,0,1,0,2,2,0,1,0.182,0.0,0,0,0,0,0,0,0.00,0.00
669298,TJ Shook,COL,0,0,0,0,0,0,0,0,0,0,0.000,3.2,0,0,3,2,4,0,4.91,1.09
671737,Taj Bradley,MIN,0,0,0,0,0,0,0,0,0,0,0.000,4.2,0,0,5,4,7,5,7.71,2.57
621383,Tanner Banks,PHI,0,0,0,0,0,0,0,0,0,0,0.000,2.1,0,0,2,0,1,0,0.00,0.43
676440,Tanner Bibee,CLE,0,0,0,0,0,0,0,0,0,0,0.000,8.0,1,0,3,0,3,2,0.00,0.62
656945,Tanner Scott,LAD,0,0,0,0,0,0,0,0,0,0,0.000,2.0,0,1,3,1,3,0,4.50,1.50
837227,Tatsuya Imai,HOU,0,0,0,0,0,0,0,0,0,0,0.000,5.0,1,0,8,2,5,3,3.60,1.60
664199,Taylor Clarke,AZ,0,0,0,0,0,0,0,0,0,0,0.000,3.0,1,0,4,0,1,1,0.00,0.67
573124,Taylor Rogers,MIN,0,0,0,0,0,0,0,0,0,0,0.000,3.0,0,0,1,2,3,0,6.00,1.00
666211,Taylor Trammell,HOU,14,13,1,0,0,0,3,1,0,0,0.286,0.0,0,0,0,0,0,0,0.00,0.00
670764,Taylor Walls,TB,11,10,2,0,0,1,2,0,1,0,0.273,0.0,0,0,0,0,0,0,0.00,0.00
621493,Taylor Ward,BAL,28,25,4,1,3,0,8,3,0,0,0.393,0.0,0,0,0,0,0,0,0.00,0.00
622088,Tejay Antone,CIN,0,0,0,0,0,0,0,0,0,0,0.000,3.1,0,0,5,0,2,2,0.00,1.20
695336,Thomas Saggese,STL,4,4,0,0,1,1,2,0,0,0,0.500,0.0,0,0,0,0,0,0,0.00,0.00
682120,Tim Herrin,CLE,0,0,0,0,0,0,0,0,0,0,0.000,2.2,0,0,3,0,0,0,0.00,0.00
657612,Tim Hill,NYY,0,0,0,0,0,0,0,0,0,0,0.000,2.2,1,0,2,2,5,0,6.75,1.88
641835,Tim Mayza,PHI,0,0,0,0,0,0,0,0,0,0,0.000,1.2,0,0,1,0,2,0,0.00,1.20
592454,Tommy Kahnle,BOS,0,0,0,0,0,0,0,0,0,0,0.000,2.0,0,0,1,0,2,2,0.00,2.00
694371,Tommy Troy,AZ,24,21,3,1,1,0,6,3,0,0,0.375,0.0,0,0,0,0,0,0,0.00,0.00
608372,Tomoyuki Sugano,COL,0,0,0,0,0,0,0,0,0,0,0.000,5.0,1,0,5,2,5,2,3.60,1.40
663574,Tony Santillan,CIN,0,0,0,0,0,0,0,0,0,0,0.000,1.2,0,0,1,3,3,1,16.20,2.40
701519,Travis Adams,MIN,0,0,0,0,0,0,0,0,0,0,0.000,2.0,0,1,1,3,4,0,13.50,2.00
683953,Travis Bazzana,CLE,26,24,1,1,6,1,4,1,0,1,0.192,0.0,0,0,0,0,0,0,0.00,0.00
607208,Trea Turner,PHI,26,24,5,0,2,2,7,2,0,0,0.346,0.0,0,0,0,0,0,0,0.00,0.00
663757,Trent Grisham,NYY,21,19,2,1,2,1,7,2,0,0,0.429,0.0,0,0,0,0,0,0,0.00,0.00
663423,Trent Thornton,CHC,0,0,0,0,0,0,0,0,0,0,0.000,2.1,0,0,0,0,2,3,0.00,2.14
663616,Trevor Larnach,MIN,19,16,4,0,1,0,5,3,0,0,0.421,0.0,0,0,0,0,0,0,0.00,0.00
694680,Trevor Martin,TB,0,0,0,0,0,0,0,0,0,0,0.000,3.0,0,0,1,2,4,1,6.00,1.67
686790,Trevor McDonald,SF,0,0,0,0,0,0,0,0,0,0,0.000,10.0,0,0,10,4,9,6,3.60,1.50
656730,Trevor Megill,MIL,0,0,0,0,0,0,0,0,0,0,0.000,2.0,1,0,2,2,3,1,9.00,2.00
670950,Trevor Richards,CWS,0,0,0,0,0,0,0,0,0,0,0.000,7.0,0,0,2,0,2,0,0.00,0.29
669432,Trevor Rogers,BAL,0,0,0,0,0,0,0,0,0,0,0.000,5.2,1,0,3,1,5,1,1.59,1.06
702056,Trey Yesavage,TOR,0,0,0,0,0,0,0,0,0,0,0.000,5.2,0,0,5,6,5,2,9.53,1.24
663941,Tristan Beck,SF,0,0,0,0,0,0,0,0,0,0,0.000,2.0,0,0,1,5,6,1,22.50,3.50
656484,Tristan Gray,MIN,17,15,3,1,8,1,7,0,0,2,0.412,0.0,0,0,0,0,0,0,0.00,0.00
671976,Tristan Peters,CWS,22,21,1,0,4,0,9,1,0,0,0.455,0.0,0,0,0,0,0,0,0.00,0.00
687859,Troy Johnston,COL,26,23,2,0,4,1,8,2,0,1,0.385,0.0,0,0,0,0,0,0,0.00,0.00
675512,Troy Melton,DET,0,0,0,0,0,0,0,0,0,0,0.000,8.0,1,0,5,2,4,2,2.25,0.75
664034,Ty France,SD,21,18,2,0,0,0,3,3,0,0,0.286,0.0,0,0,0,0,0,0,0.00,0.00
680744,Ty Madden,DET,0,0,0,0,0,0,0,0,0,0,0.000,6.0,0,0,7,2,7,2,3.00,1.50
641302,Tyler Alexander,TEX,0,0,0,0,0,0,0,0,0,0,0.000,2.0,0,0,1,0,1,0,0.00,0.50
682997,Tyler Callihan,PIT,8,7,0,0,1,1,1,1,0,0,0.250,0.0,0,0,0,0,0,0,0.00,0.00
699823,Tyler Davis,CWS,0,0,0,0,0,0,0,0,0,0,0.000,3.0,0,0,2,4,6,1,12.00,2.33
671289,Tyler Freeman,COL,17,14,3,1,4,0,3,2,1,0,0.353,0.0,0,0,0,0,0,0,0.00,0.00
656457,Tyler Gilbert,CWS,0,0,0,0,0,0,0,0,0,0,0.000,0.2,0,0,1,1,2,0,13.50,3.00
623168,Tyler Heineman,TOR,5,5,0,0,2,0,2,0,0,0,0.400,0.1,0,0,0,0,0,0,0.00,0.00
663947,Tyler Holton,DET,0,0,0,0,0,0,0,0,0,0,0.000,2.1,1,0,1,1,5,0,3.86,2.14
641755,Tyler Kinley,ATL,0,0,0,0,0,0,0,0,0,0,0.000,2.2,0,0,3,1,3,1,3.38,1.50
641933,Tyler O'Neill,BAL,11,10,1,0,0,1,2,1,0,0,0.273,0.0,0,0,0,0,0,0,0.00,0.00
663969,Tyler Phillips,MIA,0,0,0,0,0,0,0,0,0,0,0.000,4.2,0,0,3,3,7,3,5.79,2.14
643511,Tyler Rogers,TOR,0,0,0,0,0,0,0,0,0,0,0.000,3.1,0,0,2,0,0,1,0.00,0.30
701719,Tyler Samaniego,BOS,0,0,0,0,0,0,0,0,0,0,0.000,2.0,0,0,2,0,3,1,0.00,2.00
691016,Tyler Soderstrom,ATH,24,20,1,1,4,0,5,4,0,0,0.375,0.0,0,0,0,0,0,0,0.00,0.00
663886,Tyler Stephenson,CIN,18,17,1,1,1,0,4,1,0,0,0.278,0.0,0,0,0,0,0,0,0.00,0.00
686475,Tyler Tolbert,KC,8,6,3,0,0,1,2,2,0,0,0.500,0.0,0,0,0,0,0,0,0.00,0.00
669330,Tyler Wells,BAL,0,0,0,0,0,0,0,0,0,0,0.000,1.2,0,0,1,0,0,0,0.00,0.00
676604,Tyler Zuber,MIA,0,0,0,0,0,0,0,0,0,0,0.000,1.1,0,1,2,0,1,1,0.00,1.50
594027,Tyron Guerrero,BOS,0,0,0,0,0,0,0,0,0,0,0.000,0.2,0,0,1,0,0,0,0.00,0.00
687093,Vaughn Grissom,LAA,14,12,3,1,3,0,4,1,1,0,0.429,0.0,0,0,0,0,0,0,0.00,0.00
682674,Victor Bericoto,SF,10,10,1,1,1,0,2,0,0,0,0.200,0.0,0,0,0,0,0,0,0.00,0.00
605170,Victor Caratini,MIN,17,15,2,1,4,0,7,1,1,0,0.529,0.0,0,0,0,0,0,0,0.00,0.00
683748,Victor Mesa Jr.,TB,21,18,2,0,0,0,2,3,0,0,0.238,0.0,0,0,0,0,0,0,0.00,0.00
645302,Victor Robles,SEA,4,4,0,0,0,0,0,0,0,0,0.000,0.0,0,0,0,0,0,0,0.00,0.00
687363,Victor Scott II,STL,21,15,1,0,2,2,4,4,1,0,0.450,0.0,0,0,0,0,0,0,0.00,0.00
686469,Vinnie Pasquantino,KC,32,29,4,1,4,0,9,3,0,0,0.375,0.0,0,0,0,0,0,0,0.00,0.00
665489,Vladimir Guerrero Jr.,TOR,25,22,3,0,1,0,4,2,0,1,0.240,0.0,0,0,0,0,0,0,0.00,0.00
685133,Wade Meckler,LAA,22,19,4,0,2,0,8,3,0,0,0.500,0.0,0,0,0,0,0,0,0.00,0.00
700712,Walbert Ureña,LAA,0,0,0,0,0,0,0,0,0,0,0.000,6.0,1,0,7,3,3,3,4.50,1.00
621111,Walker Buehler,SD,0,0,0,0,0,0,0,0,0,0,0.000,6.0,0,0,6,1,4,2,1.50,1.00
593974,Wandy Peralta,SD,0,0,0,0,0,0,0,0,0,0,0.000,4.0,0,0,1,0,3,1,0.00,1.00
672761,Wenceel Pérez,DET,16,14,3,1,4,0,4,2,0,0,0.375,0.0,0,0,0,0,0,0,0.00,0.00
696062,Wilber Dotel,PIT,0,0,0,0,0,0,0,0,0,0,0.000,3.0,0,0,3,0,0,2,0.00,0.67
678576,Wilkin Ramos,SF,0,0,0,0,0,0,0,0,0,0,0.000,2.0,0,0,1,5,5,4,22.50,4.50
666181,Will Benson,CIN,12,11,1,1,1,0,3,1,0,0,0.333,0.0,0,0,0,0,0,0,0.00,0.00
702021,Will Dion,CLE,0,0,0,0,0,0,0,0,0,0,0.000,2.0,0,0,1,1,3,1,4.50,2.00
694361,Will Klein,LAD,0,0,0,0,0,0,0,0,0,0,0.000,1.2,0,0,2,2,5,2,10.80,4.20
669257,Will Smith,LAD,16,13,1,0,0,0,2,3,0,0,0.312,0.0,0,0,0,0,0,0,0.00,0.00
676684,Will Vest,DET,0,0,0,0,0,0,0,0,0,0,0.000,3.2,1,1,5,1,4,1,2.45,1.36
650489,Willi Castro,COL,23,16,4,1,3,0,4,5,2,0,0.478,0.0,0,0,0,0,0,0,0.00,0.00
661388,William Contreras,MIL,32,28,4,1,5,0,6,1,0,3,0.219,0.0,0,0,0,0,0,0,0.00,0.00
687531,William Kempner,MIA,0,0,0,0,0,0,0,0,0,0,0.000,1.1,0,0,1,0,1,0,0.00,0.75
575929,Willson Contreras,BOS,21,19,3,2,6,0,8,2,0,0,0.476,0.0,0,0,0,0,0,0,0.00,0.00
642715,Willy Adames,SF,29,25,6,3,6,0,6,4,0,0,0.345,0.0,0,0,0,0,0,0,0.00,0.00
677800,Wilyer Abreu,BOS,21,19,2,1,5,0,4,1,0,1,0.238,0.0,0,0,0,0,0,0,0.00,0.00
694671,Wyatt Langford,TEX,11,10,2,1,1,0,2,1,0,0,0.273,0.0,0,0,0,0,0,0,0.00,0.00
593428,Xander Bogaerts,SD,22,19,0,0,1,0,1,2,1,0,0.182,0.0,0,0,0,0,0,0,0.00,0.00
669364,Xavier Edwards,MIA,25,22,0,0,0,3,4,3,0,0,0.280,0.0,0,0,0,0,0,0,0.00,0.00
650490,Yandy Díaz,TB,26,25,1,0,4,0,11,1,0,0,0.462,0.0,0,0,0,0,0,0,0.00,0.00
684320,Yariel Rodríguez,TOR,0,0,0,0,0,0,0,0,0,0,0.000,2.0,0,0,1,3,5,2,13.50,3.50
666974,Yennier Cano,BAL,0,0,0,0,0,0,0,0,0,0,0.000,1.2,0,0,0,0,1,0,0.00,0.60
672782,Yoendrys Gómez,MIN,0,0,0,0,0,0,0,0,0,0,0.000,3.2,0,1,5,0,1,2,0.00,0.82
670990,Yohan Ramírez,PIT,0,0,0,0,0,0,0,0,0,0,0.000,4.1,0,0,4,2,2,0,4.15,0.46
682818,Yohendrick Piñango,TOR,18,18,2,1,1,0,6,0,0,0,0.333,0.0,0,0,0,0,0,0,0.00,0.00
670541,Yordan Alvarez,HOU,26,21,6,2,9,0,10,5,0,0,0.577,0.0,0,0,0,0,0,0,0.00,0.00
808967,Yoshinobu Yamamoto,LAD,0,0,0,0,0,0,0,0,0,0,0.000,8.0,1,0,4,1,2,0,1.12,0.25
673513,Yuki Matsui,SD,0,0,0,0,0,0,0,0,0,0,0.000,3.2,0,0,5,2,3,2,4.91,1.36
668678,Zac Gallen,AZ,0,0,0,0,0,0,0,0,0,0,0.000,5.0,0,0,1,4,9,2,7.20,2.20
688642,Zach Agnos,COL,0,0,0,0,0,0,0,0,0,0,0.000,3.0,0,0,1,2,3,3,6.00,2.00
805904,Zach Cole,HOU,0,0,1,0,0,0,0,0,0,0,0.000,0.0,0,0,0,0,0,0,0.00,0.00
701305,Zach Dezenzo,HOU,2,2,0,0,0,0,0,0,0,0,0.000,0.0,0,0,0,0,0,0,0.00,0.00
687209,Zach Maxwell,CIN,0,0,0,0,0,0,0,0,0,0,0.000,1.1,0,0,2,4,3,2,27.00,3.75
685112,Zach McCambley,CIN,0,0,0,0,0,0,0,0,0,0,0.000,3.0,0,0,4,0,2,2,0.00,1.33
656716,Zach McKinstry,DET,16,13,3,0,0,0,3,2,0,0,0.333,0.0,0,0,0,0,0,0,0.00,0.00
687263,Zach Neto,LAA,14,13,2,2,4,2,3,0,1,0,0.286,0.0,0,0,0,0,0,0,0.00,0.00
680869,Zack Gelof,ATH,23,20,2,0,2,0,6,3,0,0,0.391,0.0,0,0,0,0,0,0,0.00,0.00
641793,Zack Littell,WSH,0,0,0,0,0,0,0,0,0,0,0.000,5.0,1,0,4,1,2,1,1.80,0.60
670097,Zack Short,DET,9,8,1,0,1,0,3,0,0,1,0.333,0.0,0,0,0,0,0,0,0.00,0.00
554430,Zack Wheeler,PHI,0,0,0,0,0,0,0,0,0,0,0.000,7.0,1,0,8,2,2,3,2.57,0.71
805673,Zebby Matthews,MIN,0,0,0,0,0,0,0,0,0,0,0.000,7.0,1,0,2,2,5,4,2.57,1.29
