team,mlbam_id,player_name,player_type,mlb_team,weeks_active,runs,home_runs,rbi,stolen_bases,at_bats,hits,walks,hit_by_pitch,sac_flies,obp,wins,strikeouts,saves,innings_pitched,outs_pitched,earned_runs,hits_allowed,walks_allowed,era,whip
Chris,666182,Bo Bichette,hitter,NYM,11,30,5,32,1,268,61,20,1,3,0.281,0,0,0,0.0,0,0,0,0,0.0,0.0
Chris,677951,Bobby Witt Jr.,hitter,KC,11,33,9,27,23,265,73,31,1,2,0.351,0,0,0,0.0,0,0,0,0,0.0,0.0
Chris,668804,Bryan Reynolds,hitter,PIT,11,42,6,39,5,232,60,46,4,2,0.387,0,0,0,0.0,0,0,0,0,0.0,0.0
Chris,641355,Cody Bellinger,hitter,NYY,11,37,9,41,7,222,61,39,0,5,0.376,0,0,0,0.0,0,0,0,0,0.0,0.0
Chris,686218,Emmet Sheehan,pitcher,LAD,11,0,0,0,0,0,0,0,0,0,0.0,3,64,0,59.1,178,31,56,16,4.7,1.21
Chris,668909,Gavin Williams,pitcher,CLE,11,0,0,0,0,0,0,0,0,0,0.0,9,94,0,81.2,245,29,62,25,3.2,1.07
Chris,680694,Kyle Bradish,pitcher,BAL,11,0,0,0,0,0,0,0,0,0,0.0,3,68,0,69.1,208,30,69,36,3.89,1.51
Chris,671732,Lawrence Butler,hitter,ATH,11,17,3,14,4,156,26,19,0,0,0.257,0,0,0,0.0,0,0,0,0,0.0,0.0
Chris,621566,Matt Olson,hitter,ATL,11,47,17,47,2,258,69,28,1,3,0.338,0,0,0,0.0,0,0,0,0,0.0,0.0
Chris,691718,Pete Crow-Armstrong,hitter,CHC,11,37,11,32,14,248,64,23,8,1,0.339,0,0,0,0.0,0,0,0,0,0.0,0.0
Chris,682985,Riley Greene,hitter,DET,11,33,6,29,1,243,73,34,2,0,0.391,0,0,0,0.0,0,0,0,0,0.0,0.0
Chris,645261,Sandy Alcantara,pitcher,MIA,11,0,0,0,0,0,0,0,0,0,0.0,5,64,0,89.1,268,44,92,22,4.43,1.28
Chris,676440,Tanner Bibee,pitcher,CLE,11,0,0,0,0,0,0,0,0,0,0.0,1,63,0,77.0,231,35,71,24,4.09,1.23
Chris,665489,Vladimir Guerrero Jr.,hitter,TOR,11,38,3,25,5,234,67,32,4,4,0.376,0,0,0,0.0,0,0,0,0,0.0,0.0
Chris,669257,Will Smith,hitter,LAD,11,23,6,23,0,173,43,23,2,3,0.338,0,0,0,0.0,0,0,0,0,0.0,0.0
Chris,808967,Yoshinobu Yamamoto,pitcher,LAD,11,0,0,0,0,0,0,0,0,0,0.0,6,73,0,77.1,232,23,56,15,2.68,0.92
Chris,668678,Zac Gallen,pitcher,AZ,11,0,0,0,0,0,0,0,0,0,0.0,3,43,0,64.1,193,38,78,20,5.32,1.52
Chris,662139,Daulton Varsho,hitter,TOR,9,24,5,17,4,182,49,19,2,1,0.343,0,0,0,0.0,0,0,0,0,0.0,0.0
Chris,656302,Dylan Cease,pitcher,TOR,9,0,0,0,0,0,0,0,0,0,0.0,3,98,0,66.1,199,23,54,29,3.12,1.25
Chris,673962,Josh Jung,hitter,TEX,9,30,8,28,1,201,68,17,3,2,0.395,0,0,0,0.0,0,0,0,0,0.0,0.0
Chris,666142,Cole Ragans,pitcher,KC,7,0,0,0,0,0,0,0,0,0,0.0,1,45,0,35.1,106,19,27,23,4.84,1.42
Chris,650859,Luis Rengifo,hitter,MIL,7,10,0,15,2,113,24,13,0,1,0.291,0,0,0,0.0,0,0,0,0,0.0,0.0
Chris,663697,Jonathan India,hitter,KC,4,10,2,8,0,52,10,8,2,0,0.323,0,0,0,0.0,0,0,0,0,0.0,0.0
Chris,640455,Sean Manaea,pitcher,NYM,4,0,0,0,0,0,0,0,0,0,0.0,1,19,0,19.2,59,7,16,6,3.2,1.12
Chris,664761,Alec Bohm,hitter,PHI,2,3,1,7,0,34,6,4,1,0,0.282,0,0,0,0.0,0,0,0,0,0.0,0.0
Chris,695506,Jac Caglianone,hitter,KC,2,3,0,0,0,31,8,4,1,0,0.361,0,0,0,0.0,0,0,0,0,0.0,0.0
Chris,518876,Merrill Kelly,pitcher,AZ,2,0,0,0,0,0,0,0,0,0,0.0,1,10,0,17.1,52,11,18,7,5.71,1.44
Rob,682663,Agustin Ramirez,hitter,MIA,11,14,2,14,3,113,26,13,2,1,0.318,0,0,0,0.0,0,0,0,0,0.0,0.0
Rob,694297,Brandon Pfaadt,pitcher,AZ,11,0,0,0,0,0,0,0,0,0,0.0,0,31,0,38.0,114,27,40,17,6.39,1.5
Rob,693433,Bryan Woo,pitcher,SEA,11,0,0,0,0,0,0,0,0,0,0.0,5,75,0,77.0,231,32,63,14,3.74,1.0
Rob,547180,Bryce Harper,hitter,PHI,11,40,14,37,5,229,60,42,0,3,0.372,0,0,0,0.0,0,0,0,0,0.0,0.0
Rob,681082,Bryson Stott,hitter,PHI,11,17,6,28,11,205,44,14,1,1,0.267,0,0,0,0.0,0,0,0,0,0.0,0.0
Rob,642547,Freddy Peralta,pitcher,NYM,11,0,0,0,0,0,0,0,0,0,0.0,4,74,0,72.0,216,27,64,30,3.38,1.31
Rob,701538,Jackson Merrill,hitter,SD,11,27,6,24,10,228,46,22,1,0,0.275,0,0,0,0.0,0,0,0,0,0.0,0.0
Rob,666200,Jesus Luzardo,pitcher,PHI,11,0,0,0,0,0,0,0,0,0,0.0,4,80,0,73.0,219,38,76,21,4.68,1.33
Rob,666176,Jo Adell,hitter,LAA,11,26,10,37,3,255,62,7,8,2,0.283,0,0,0,0.0,0,0,0,0,0.0,0.0
Rob,667755,Jose Soriano,pitcher,LAA,11,0,0,0,0,0,0,0,0,0,0.0,7,87,0,82.0,246,27,62,40,2.96,1.24
Rob,807712,Luke Keaschall,hitter,MIN,11,28,1,21,10,221,54,21,4,3,0.317,0,0,0,0.0,0,0,0,0,0.0,0.0
Rob,669022,MacKenzie Gore,pitcher,TEX,11,0,0,0,0,0,0,0,0,0,0.0,4,70,0,66.0,198,31,55,30,4.23,1.29
Rob,656305,Matt Chapman,hitter,SF,11,30,4,33,0,242,58,28,3,2,0.324,0,0,0,0.0,0,0,0,0,0.0,0.0
Rob,665833,Oneil Cruz,hitter,PIT,11,45,14,44,21,250,66,30,3,0,0.35,0,0,0,0.0,0,0,0,0,0.0,0.0
Rob,694973,Paul Skenes,pitcher,PIT,11,0,0,0,0,0,0,0,0,0,0.0,6,82,0,70.0,210,23,51,13,2.96,0.91
Rob,624133,Ranger Suarez,pitcher,BOS,11,0,0,0,0,0,0,0,0,0,0.0,2,63,0,65.0,195,23,55,19,3.18,1.14
Rob,642715,Willy Adames,hitter,SF,11,34,11,29,1,261,64,16,1,1,0.29,0,0,0,0.0,0,0,0,0,0.0,0.0
Rob,650490,Yandy Diaz,hitter,TB,11,32,11,42,1,228,74,22,7,1,0.399,0,0,0,0.0,0,0,0,0,0.0,0.0
Rob,592332,Kevin Gausman,pitcher,TOR,9,0,0,0,0,0,0,0,0,0,0.0,4,58,0,68.0,204,32,71,14,4.24,1.25
Rob,687363,Victor Scott II,hitter,STL,8,16,2,6,8,118,22,16,2,0,0.294,0,0,0,0.0,0,0,0,0,0.0,0.0
Rob,666971,Lourdes Gurriel Jr.,hitter,AZ,6,7,1,11,1,92,21,8,0,2,0.284,0,0,0,0.0,0,0,0,0,0.0,0.0
Rob,575929,Willson Contreras,hitter,BOS,6,16,7,20,1,120,40,11,5,2,0.406,0,0,0,0.0,0,0,0,0,0.0,0.0
Rob,596019,Francisco Lindor,hitter,NYM,5,14,2,5,2,93,21,11,1,0,0.314,0,0,0,0.0,0,0,0,0,0.0,0.0
Rob,667670,Brent Rooker,hitter,ATH,3,4,2,8,2,41,6,6,0,2,0.245,0,0,0,0.0,0,0,0,0,0.0,0.0
Rob,665742,Juan Soto,hitter,NYM,3,3,1,5,0,31,11,3,0,0,0.412,0,0,0,0.0,0,0,0,0,0.0,0.0
Rob,643217,Andrew Benintendi,hitter,CWS,2,8,3,7,0,35,9,6,0,0,0.366,0,0,0,0.0,0,0,0,0,0.0,0.0
Rob,690990,Cade Horton,pitcher,CHC,2,0,0,0,0,0,0,0,0,0,0.0,1,4,0,7.1,22,2,4,2,2.45,0.82
Wendell,592450,Aaron Judge,hitter,NYY,11,43,17,38,5,209,53,42,2,1,0.382,0,0,0,0.0,0,0,0,0,0.0,0.0
Wendell,681624,Andy Pages,hitter,LAD,11,38,14,53,7,247,70,17,2,4,0.33,0,0,0,0.0,0,0,0,0,0.0,0.0
Wendell,547973,Aroldis Chapman,pitcher,BOS,11,0,0,0,0,0,0,0,0,0,0.0,0,26,13,19.2,59,1,9,9,0.46,0.92
Wendell,621020,Dansby Swanson,hitter,CHC,11,36,8,30,5,209,37,30,1,3,0.28,0,0,0,0.0,0,0,0,0,0.0,0.0
Wendell,656849,David Peterson,pitcher,NYM,11,0,0,0,0,0,0,0,0,0,0.0,3,56,1,57.1,172,33,67,24,5.18,1.59
Wendell,664285,Framber Valdez,pitcher,DET,11,0,0,0,0,0,0,0,0,0,0.0,3,59,0,72.2,218,34,69,27,4.21,1.32
Wendell,518692,Freddie Freeman,hitter,LAD,11,33,10,35,2,239,67,31,1,3,0.361,0,0,0,0.0,0,0,0,0,0.0,0.0
Wendell,696100,Hunter Goodman,hitter,COL,11,40,18,33,5,231,56,20,4,1,0.312,0,0,0,0.0,0,0,0,0,0.0,0.0
Wendell,657746,Joe Ryan,pitcher,MIN,11,0,0,0,0,0,0,0,0,0,0.0,4,84,0,76.1,229,26,60,16,3.07,1.0
Wendell,606466,Ketel Marte,hitter,AZ,11,37,11,37,0,244,60,20,0,3,0.3,0,0,0,0.0,0,0,0,0,0.0,0.0
Wendell,669302,Logan Gilbert,pitcher,SEA,11,0,0,0,0,0,0,0,0,0,0.0,4,77,0,73.2,221,31,64,17,3.79,1.1
Wendell,542303,Marcell Ozuna,hitter,PIT,11,15,5,22,0,181,35,19,2,0,0.277,0,0,0,0.0,0,0,0,0,0.0,0.0
Wendell,545361,Mike Trout,hitter,LAA,11,47,14,31,5,230,52,60,3,0,0.392,0,0,0,0.0,0,0,0,0,0.0,0.0
Wendell,543135,Nathan Eovaldi,pitcher,TEX,11,0,0,0,0,0,0,0,0,0,0.0,5,74,0,74.2,224,34,71,17,4.1,1.18
Wendell,669357,Nolan Gorman,hitter,STL,11,18,7,26,0,200,39,24,0,3,0.278,0,0,0,0.0,0,0,0,0,0.0,0.0
Wendell,624413,Pete Alonso,hitter,BAL,11,39,13,41,2,257,63,31,1,2,0.326,0,0,0,0.0,0,0,0,0,0.0,0.0
Wendell,621493,Taylor Ward,hitter,BAL,11,41,3,20,2,244,62,59,1,2,0.399,0,0,0,0.0,0,0,0,0,0.0,0.0
Wendell,607208,Trea Turner,hitter,PHI,11,41,8,22,13,267,62,19,0,1,0.282,0,0,0,0.0,0,0,0,0,0.0,0.0
Wendell,608369,Corey Seager,hitter,TEX,9,22,7,20,1,156,28,22,2,2,0.286,0,0,0,0.0,0,0,0,0,0.0,0.0
Wendell,643377,Griffin Jax,pitcher,TB,9,0,0,0,0,0,0,0,0,0,0.0,1,35,0,35.0,105,13,30,15,3.34,1.29
Wendell,669373,Tarik Skubal,pitcher,DET,7,0,0,0,0,0,0,0,0,0,0.0,3,45,0,43.1,130,13,35,6,2.7,0.95
Wendell,607192,Tyler Glasnow,pitcher,LAD,7,0,0,0,0,0,0,0,0,0,0.0,3,49,0,39.2,119,12,20,13,2.72,0.83
Wendell,592791,Jameson Taillon,pitcher,CHC,4,0,0,0,0,0,0,0,0,0,0.0,0,19,0,22.0,66,19,29,7,7.77,1.64
Wendell,607625,Seth Lugo,pitcher,KC,4,0,0,0,0,0,0,0,0,0,0.0,1,22,0,28.1,85,16,31,7,5.08,1.34
Wendell,607074,Carlos Rodon,pitcher,NYY,2,0,0,0,0,0,0,0,0,0,0.0,0,0,0,0.0,0,0,0,0,0.0,0.0
Wendell,663757,Trent Grisham,hitter,NYY,2,8,2,6,2,44,14,5,0,0,0.388,0,0,0,0.0,0,0,0,0,0.0,0.0
Matt,668930,Brice Turang,hitter,MIL,11,51,9,40,11,225,63,46,0,2,0.399,0,0,0,0.0,0,0,0,0,0.0,0.0
Matt,702332,Caleb Durbin,hitter,BOS,11,17,1,23,5,182,35,11,4,1,0.253,0,0,0,0.0,0,0,0,0,0.0,0.0
Matt,670280,David Bednar,pitcher,NYY,11,0,0,0,0,0,0,0,0,0,0.0,1,30,13,26.0,78,12,27,11,4.15,1.46
Matt,682829,Elly De La Cruz,hitter,CIN,11,40,12,37,10,236,65,22,2,1,0.341,0,0,0,0.0,0,0,0,0,0.0,0.0
Matt,669923,George Kirby,pitcher,SEA,11,0,0,0,0,0,0,0,0,0,0.0,5,64,0,78.0,234,35,82,18,4.04,1.28
Matt,695578,James Wood,hitter,WSH,11,57,17,40,10,249,66,55,4,0,0.406,0,0,0,0.0,0,0,0,0,0.0,0.0
Matt,661395,Jhoan Duran,pitcher,PHI,11,0,0,0,0,0,0,0,0,0,0.0,1,33,15,20.2,62,3,12,5,1.31,0.82
Matt,647304,Josh Naylor,hitter,SEA,11,24,6,26,12,241,62,21,2,1,0.321,0,0,0,0.0,0,0,0,0,0.0,0.0
Matt,663656,Kyle Tucker,hitter,LAD,11,39,5,30,4,229,54,33,1,2,0.332,0,0,0,0.0,0,0,0,0,0.0,0.0
Matt,672580,Maikel Garcia,hitter,KC,11,30,3,24,4,238,65,22,0,2,0.332,0,0,0,0.0,0,0,0,0,0.0,0.0
Matt,521692,Salvador Perez,hitter,KC,11,24,10,27,0,237,49,14,5,4,0.262,0,0,0,0.0,0,0,0,0,0.0,0.0
Matt,677800,Wilyer Abreu,hitter,BOS,11,28,7,29,4,241,67,24,0,2,0.341,0,0,0,0.0,0,0,0,0,0.0,0.0
Matt,670541,Yordan Alvarez,hitter,HOU,11,48,23,49,1,241,78,45,5,2,0.437,0,0,0,0.0,0,0,0,0,0.0,0.0
Matt,605400,Aaron Nola,pitcher,PHI,9,0,0,0,0,0,0,0,0,0,0.0,2,52,0,54.2,164,39,64,19,6.42,1.52
Matt,665795,Edward Cabrera,pitcher,CHC,9,0,0,0,0,0,0,0,0,0,0.0,3,47,0,54.0,162,24,53,20,4.0,1.35
Matt,656730,Trevor Megill,pitcher,MIL,9,0,0,0,0,0,0,0,0,0,0.0,1,24,5,19.0,57,11,16,4,5.21,1.05
Matt,445276,Kenley Jansen,pitcher,DET,8,0,0,0,0,0,0,0,0,0,0.0,1,14,6,13.1,40,7,8,8,4.72,1.2
Matt,621043,Carlos Correa,hitter,HOU,7,22,3,16,1,122,34,18,0,1,0.369,0,0,0,0.0,0,0,0,0,0.0,0.0
Matt,650489,Willi Castro,hitter,COL,7,19,2,15,2,125,36,16,2,1,0.375,0,0,0,0.0,0,0,0,0,0.0,0.0
Matt,673357,Luis Robert Jr.,hitter,NYM,6,10,2,8,2,85,20,13,0,0,0.337,0,0,0,0.0,0,0,0,0,0.0,0.0
Matt,608379,Michael Wacha,pitcher,KC,6,0,0,0,0,0,0,0,0,0,0.0,2,39,0,48.2,146,22,46,16,4.07,1.27
Matt,641941,Emilio Pagan,pitcher,CIN,5,0,0,0,0,0,0,0,0,0,0.0,2,5,3,8.2,26,5,8,3,5.19,1.27
Matt,621242,Edwin Diaz,pitcher,LAD,4,0,0,0,0,0,0,0,0,0,0.0,1,10,4,6.0,18,7,9,5,10.5,2.33
Matt,650333,Luis Arraez,hitter,SF,4,18,2,11,1,103,35,7,3,5,0.381,0,0,0,0.0,0,0,0,0,0.0,0.0
Matt,682622,Noelvi Marte,hitter,CIN,4,2,0,0,1,29,4,2,0,0,0.194,0,0,0,0.0,0,0,0,0,0.0,0.0
Matt,677960,Ryan Weathers,pitcher,NYY,4,0,0,0,0,0,0,0,0,0,0.0,0,34,0,31.1,94,17,25,10,4.88,1.12
Matt,668715,Spencer Steer,hitter,CIN,4,22,2,11,1,86,25,14,0,1,0.386,0,0,0,0.0,0,0,0,0,0.0,0.0
Matt,682243,Bryce Miller,pitcher,SEA,2,0,0,0,0,0,0,0,0,0,0.0,0,0,0,0.0,0,0,0,0,0.0,0.0
Matt,608032,Carlos Estevez,pitcher,KC,2,0,0,0,0,0,0,0,0,0,0.0,0,0,0,0.1,1,6,4,2,162.0,18.0
Matt,686613,Hunter Brown,pitcher,HOU,2,0,0,0,0,0,0,0,0,0,0.0,1,17,0,10.2,32,1,5,6,0.84,1.03
Matt,682052,Jacob Lopez,pitcher,ATH,2,0,0,0,0,0,0,0,0,0,0.0,0,3,0,2.0,6,7,5,2,31.5,3.5
Matt,623352,Josh Hader,pitcher,HOU,2,0,0,0,0,0,0,0,0,0,0.0,0,0,0,0.0,0,0,0,0,0.0,0.0
Matt,593958,Eduardo Rodriguez,pitcher,AZ,1,0,0,0,0,0,0,0,0,0,0.0,0,8,0,12.1,37,5,11,2,3.65,1.05
Matt,669701,Josh Smith,hitter,TEX,1,0,0,0,0,0,0,0,0,0,0.0,0,0,0,0.0,0,0,0,0,0.0,0.0
Matt,837227,Tatsuya Imai,pitcher,HOU,1,0,0,0,0,0,0,0,0,0,0.0,0,0,0,0.0,0,0,0,0,0.0,0.0
Michael,694477,Chad Patrick,pitcher,MIL,11,0,0,0,0,0,0,0,0,0,0.0,3,39,2,51.2,155,13,41,20,2.26,1.18
Michael,695657,Colson Montgomery,hitter,CWS,11,32,16,38,2,240,54,26,9,0,0.324,0,0,0,0.0,0,0,0,0,0.0,0.0
Michael,695734,Daylen Lile,hitter,WSH,11,39,8,30,5,260,66,21,1,4,0.308,0,0,0,0.0,0,0,0,0,0.0,0.0
Michael,694497,Evan Carter,hitter,TEX,11,24,6,19,9,180,31,27,3,1,0.289,0,0,0,0.0,0,0,0,0,0.0,0.0
Michael,683004,Jack Leiter,pitcher,TEX,11,0,0,0,0,0,0,0,0,0,0.0,3,76,0,71.0,213,37,65,31,4.69,1.35
Michael,702616,Jackson Holliday,hitter,BAL,11,9,2,6,3,52,11,8,0,1,0.311,0,0,0,0.0,0,0,0,0,0.0,0.0
Michael,668901,Mark Vientos,hitter,NYM,11,19,7,26,0,196,41,7,2,1,0.243,0,0,0,0.0,0,0,0,0,0.0,0.0
Michael,691026,Masyn Winn,hitter,STL,11,24,2,24,5,212,50,22,6,4,0.32,0,0,0,0.0,0,0,0,0,0.0,0.0
Michael,669461,Matthew Liberatore,pitcher,STL,11,0,0,0,0,0,0,0,0,0,0.0,3,61,0,66.1,199,33,74,26,4.48,1.51
Michael,701762,Nick Kurtz,hitter,ATH,11,42,12,45,7,228,63,60,2,0,0.431,0,0,0,0.0,0,0,0,0,0.0,0.0
Michael,702070,Noah Cameron,pitcher,KC,11,0,0,0,0,0,0,0,0,0,0.0,3,63,0,65.2,197,28,62,17,3.84,1.2
Michael,672640,Otto Lopez,hitter,MIA,11,36,5,26,10,256,85,10,4,4,0.361,0,0,0,0.0,0,0,0,0,0.0,0.0
Michael,672282,Reid Detmers,pitcher,LAA,11,0,0,0,0,0,0,0,0,0,0.0,2,88,0,74.0,222,36,61,24,4.38,1.15
Michael,680732,Sean Burke,pitcher,CWS,11,0,0,0,0,0,0,0,0,0,0.0,3,74,0,75.2,227,31,63,23,3.69,1.14
Michael,669127,Shea Langeliers,hitter,ATH,11,41,16,33,1,242,68,21,4,1,0.347,0,0,0,0.0,0,0,0,0,0.0,0.0
Michael,666018,Jonathan Aranda,hitter,TB,9,30,9,37,0,185,52,34,3,5,0.392,0,0,0,0.0,0,0,0,0,0.0,0.0
Michael,691023,Jordan Walker,hitter,STL,9,38,15,42,9,216,65,17,2,1,0.356,0,0,0,0.0,0,0,0,0,0.0,0.0
Michael,666139,Josh Lowe,hitter,LAA,9,8,5,14,1,125,23,6,1,1,0.226,0,0,0,0.0,0,0,0,0,0.0,0.0
Michael,681481,Kerry Carpenter,hitter,DET,7,11,6,17,0,102,22,11,2,2,0.299,0,0,0,0.0,0,0,0,0,0.0,0.0
Michael,671737,Taj Bradley,pitcher,MIN,7,0,0,0,0,0,0,0,0,0,0.0,4,52,0,47.0,141,15,39,17,2.87,1.19
Michael,669432,Trevor Rogers,pitcher,BAL,7,0,0,0,0,0,0,0,0,0,0.0,2,27,0,30.1,91,16,34,10,4.75,1.45
Michael,663554,Casey Mize,pitcher,DET,6,0,0,0,0,0,0,0,0,0,0.0,2,35,0,31.0,93,10,26,11,2.9,1.19
Michael,664074,Cody Ponce,pitcher,TOR,4,0,0,0,0,0,0,0,0,0,0.0,0,0,0,0.0,0,0,0,0,0.0,0.0
Michael,686611,Dylan Crews,hitter,WSH,4,4,1,5,0,37,7,0,3,0,0.25,0,0,0,0.0,0,0,0,0,0.0,0.0
Michael,686555,Isaac Collins,hitter,KC,4,7,0,3,1,68,12,13,2,1,0.321,0,0,0,0.0,0,0,0,0,0.0,0.0
Michael,605397,Joe Musgrove,pitcher,SD,4,0,0,0,0,0,0,0,0,0,0.0,0,0,0,0.0,0,0,0,0,0.0,0.0
Michael,622663,Luis Severino,pitcher,ATH,4,0,0,0,0,0,0,0,0,0,0.0,0,25,0,24.1,73,10,29,8,3.7,1.52
Michael,804606,Konnor Griffin,hitter,PIT,2,1,0,1,0,9,1,2,1,0,0.333,0,0,0,0.0,0,0,0,0,0.0,0.0
Michael,701542,Will Warren,pitcher,NYY,1,0,0,0,0,0,0,0,0,0,0.0,0,0,0,0.0,0,0,0,0,0.0,0.0
Paul,621439,Byron Buxton,hitter,MIN,11,41,18,28,5,226,58,18,3,1,0.319,0,0,0,0.0,0,0,0,0,0.0,0.0
Paul,671922,Cade Smith,pitcher,CLE,11,0,0,0,0,0,0,0,0,0,0.0,2,45,22,29.2,89,10,27,7,3.03,1.15
Paul,682998,Corbin Carroll,hitter,AZ,11,41,10,31,7,228,65,32,2,2,0.375,0,0,0,0.0,0,0,0,0,0.0,0.0
Paul,650911,Cristopher Sanchez,pitcher,PHI,11,0,0,0,0,0,0,0,0,0,0.0,7,103,0,86.1,259,14,77,17,1.46,1.09
Paul,642207,Devin Williams,pitcher,NYM,11,0,0,0,0,0,0,0,0,0,0.0,3,35,8,22.0,66,13,19,14,5.32,1.5
Paul,672695,Geraldo Perdomo,hitter,AZ,11,27,3,22,8,215,51,33,1,5,0.335,0,0,0,0.0,0,0,0,0,0.0,0.0
Paul,670623,Isaac Paredes,hitter,HOU,11,28,9,34,0,224,55,24,7,2,0.335,0,0,0,0.0,0,0,0,0,0.0,0.0
Paul,669394,Jake Burger,hitter,TEX,11,30,10,38,1,236,56,17,1,1,0.29,0,0,0,0.0,0,0,0,0,0.0,0.0
Paul,656546,Jeff Hoffman,pitcher,TOR,11,0,0,0,0,0,0,0,0,0,0.0,4,48,5,28.0,84,19,38,10,6.11,1.71
Paul,695243,Mason Miller,pitcher,SD,11,0,0,0,0,0,0,0,0,0,0.0,1,51,18,26.2,80,3,12,12,1.01,0.9
Paul,666157,Nick Lodolo,pitcher,CIN,11,0,0,0,0,0,0,0,0,0,0.0,2,25,0,32.2,98,20,34,14,5.51,1.47
Paul,645277,Ozzie Albies,hitter,ATL,11,41,10,36,1,251,69,21,4,7,0.332,0,0,0,0.0,0,0,0,0,0.0,0.0
Paul,646240,Rafael Devers,hitter,SF,11,30,8,33,0,257,62,20,1,3,0.295,0,0,0,0.0,0,0,0,0,0.0,0.0
Paul,668227,Randy Arozarena,hitter,SEA,11,43,6,29,18,242,69,27,10,3,0.376,0,0,0,0.0,0,0,0,0,0.0,0.0
Paul,607043,Brandon Nimmo,hitter,TEX,9,20,6,18,1,205,46,20,5,2,0.306,0,0,0,0.0,0,0,0,0,0.0,0.0
Paul,686948,Drake Baldwin,hitter,ATL,9,39,13,38,1,188,57,24,3,1,0.389,0,0,0,0.0,0,0,0,0,0.0,0.0
Paul,676254,Ryan Walker,pitcher,SF,9,0,0,0,0,0,0,0,0,0,0.0,0,14,3,15.1,46,11,19,10,6.46,1.89
Paul,664023,Ian Happ,hitter,CHC,7,31,8,23,2,158,36,26,2,0,0.344,0,0,0,0.0,0,0,0,0,0.0,0.0
Paul,608331,Max Fried,pitcher,NYY,7,0,0,0,0,0,0,0,0,0,0.0,3,44,0,52.1,157,19,36,17,3.27,1.01
Paul,663538,Nico Hoerner,hitter,CHC,7,13,1,12,5,176,37,20,2,1,0.296,0,0,0,0.0,0,0,0,0,0.0,0.0
Paul,664854,Ryan Helsley,pitcher,BAL,6,0,0,0,0,0,0,0,0,0,0.0,0,15,7,10.2,32,3,7,7,2.53,1.31
Paul,650556,Bryan Abreu,pitcher,HOU,5,0,0,0,0,0,0,0,0,0,0.0,1,13,2,10.0,30,4,5,8,3.6,1.3
Paul,694671,Wyatt Langford,hitter,TEX,5,9,1,4,3,80,19,4,0,0,0.274,0,0,0,0.0,0,0,0,0,0.0,0.0
Paul,592885,Christian Yelich,hitter,MIL,4,10,1,10,3,54,16,5,0,0,0.356,0,0,0,0.0,0,0,0,0,0.0,0.0
Paul,665161,Jeremy Pena,hitter,HOU,4,5,0,0,1,43,11,3,0,0,0.304,0,0,0,0.0,0,0,0,0,0.0,0.0
Paul,687597,Jordan Beck,hitter,COL,4,3,0,3,0,30,7,1,0,0,0.258,0,0,0,0.0,0,0,0,0,0.0,0.0
Paul,664076,Garrett Cleavinger,pitcher,TB,2,0,0,0,0,0,0,0,0,0,0.0,0,6,0,5.0,15,2,1,2,3.6,0.6
Paul,694192,Jackson Chourio,hitter,MIL,2,0,0,0,0,0,0,0,0,0,0.0,0,0,0,0.0,0,0,0,0,0.0,0.0
Paul,669456,Shane Bieber,pitcher,TOR,2,0,0,0,0,0,0,0,0,0,0.0,0,0,0,0.0,0,0,0,0,0.0,0.0
Paul,663886,Tyler Stephenson,hitter,CIN,2,4,2,5,0,35,10,3,0,0,0.342,0,0,0,0.0,0,0,0,0,0.0,0.0
Paul,680767,Victor Vodnik,pitcher,COL,2,0,0,0,0,0,0,0,0,0,0.0,0,2,0,2.1,7,5,6,4,19.29,4.29
Paul,669364,Xavier Edwards,hitter,MIA,2,3,0,1,5,44,11,7,0,0,0.353,0,0,0,0.0,0,0,0,0,0.0,0.0
Josh M,678394,Brayan Bello,pitcher,BOS,11,0,0,0,0,0,0,0,0,0,0.0,2,44,0,61.0,183,43,78,24,6.34,1.67
Josh M,686797,Brooks Lee,hitter,MIN,11,27,9,37,3,228,54,15,2,1,0.289,0,0,0,0.0,0,0,0,0,0.0,0.0
Josh M,695505,Chase Burns,pitcher,CIN,11,0,0,0,0,0,0,0,0,0,0.0,7,81,0,70.1,211,16,46,21,2.05,0.95
Josh M,665487,Fernando Tatis Jr.,hitter,SD,11,23,1,19,15,238,65,25,2,4,0.342,0,0,0,0.0,0,0,0,0,0.0,0.0
Josh M,671056,Ivan Herrera,hitter,STL,11,40,7,29,3,239,62,37,13,2,0.385,0,0,0,0.0,0,0,0,0,0.0,0.0
Josh M,694819,Jacob Misiorowski,pitcher,MIL,11,0,0,0,0,0,0,0,0,0,0.0,7,116,0,78.0,234,13,41,22,1.5,0.81
Josh M,605488,Jeffrey Springs,pitcher,ATH,11,0,0,0,0,0,0,0,0,0,0.0,3,60,0,70.0,210,34,66,21,4.37,1.24
Josh M,677594,Julio Rodriguez,hitter,SEA,11,36,13,32,9,267,69,21,2,1,0.316,0,0,0,0.0,0,0,0,0,0.0,0.0
Josh M,592518,Manny Machado,hitter,SD,11,29,11,32,1,225,38,27,0,4,0.254,0,0,0,0.0,0,0,0,0,0.0,0.0
Josh M,660271,Shohei Ohtani,pitcher,LAD,11,44,11,35,6,232,70,43,5,3,0.417,6,67,0,61.0,183,5,30,18,0.74,0.79
Josh M,684007,Shota Imanaga,pitcher,CHC,11,0,0,0,0,0,0,0,0,0,0.0,4,78,0,81.0,243,42,66,20,4.67,1.06
Josh M,680757,Steven Kwan,hitter,CLE,11,30,1,12,3,219,48,34,2,2,0.327,0,0,0,0.0,0,0,0,0,0.0,0.0
Josh M,691016,Tyler Soderstrom,hitter,ATH,11,27,8,30,1,228,52,31,1,1,0.322,0,0,0,0.0,0,0,0,0,0.0,0.0
Josh M,661388,William Contreras,hitter,MIL,11,34,5,39,1,235,67,22,1,4,0.344,0,0,0,0.0,0,0,0,0,0.0,0.0
Josh M,693645,Cam Schlittler,pitcher,NYY,10,0,0,0,0,0,0,0,0,0,0.0,6,81,0,76.0,228,17,54,12,2.01,0.87
Josh M,808959,Munetaka Murakami,hitter,CWS,10,43,20,41,1,204,49,45,1,1,0.378,0,0,0,0.0,0,0,0,0,0.0,0.0
Josh M,663460,Kris Bubic,pitcher,KC,8,0,0,0,0,0,0,0,0,0,0.0,2,38,0,38.1,115,21,28,20,4.93,1.25
Josh M,656605,Mitch Keller,pitcher,PIT,8,0,0,0,0,0,0,0,0,0,0.0,4,44,0,55.0,165,37,55,18,6.05,1.33
Josh M,805779,Jacob Wilson,hitter,ATH,7,18,3,19,2,161,47,5,0,1,0.311,0,0,0,0.0,0,0,0,0,0.0,0.0
Josh M,701350,Roman Anthony,hitter,BOS,7,12,1,5,2,109,25,20,1,0,0.354,0,0,0,0.0,0,0,0,0,0.0,0.0
Josh M,596115,Trevor Story,hitter,BOS,7,15,2,18,4,155,31,7,1,2,0.236,0,0,0,0.0,0,0,0,0,0.0,0.0
Josh M,676609,Jose Caballero,hitter,NYY,5,15,4,12,10,104,30,6,3,0,0.345,0,0,0,0.0,0,0,0,0,0.0,0.0
Josh M,800050,Chase DeLauter,hitter,CLE,4,8,1,8,2,93,18,8,0,1,0.255,0,0,0,0.0,0,0,0,0,0.0,0.0
Josh M,676391,Ernie Clement,hitter,TOR,4,16,4,13,1,94,30,3,0,0,0.34,0,0,0,0.0,0,0,0,0,0.0,0.0
Josh M,643446,Jeff McNeil,hitter,ATH,4,6,1,3,0,80,13,8,0,0,0.239,0,0,0,0.0,0,0,0,0,0.0,0.0
Josh M,657041,Lane Thomas,hitter,KC,4,5,1,7,0,48,12,8,0,1,0.351,0,0,0,0.0,0,0,0,0,0.0,0.0
Josh M,681343,Shane Smith,pitcher,CWS,3,0,0,0,0,0,0,0,0,0,0.0,0,11,0,8.1,25,10,12,9,10.8,2.52
Josh M,664299,Cristian Javier,pitcher,HOU,2,0,0,0,0,0,0,0,0,0,0.0,0,0,0,0.0,0,0,0,0,0.0,0.0
Josh M,669065,Kyle Stowers,hitter,MIA,2,0,0,0,0,0,0,0,0,0,0.0,0,0,0,0.0,0,0,0,0,0.0,0.0
Josh M,622663,Luis Severino,pitcher,ATH,1,0,0,0,0,0,0,0,0,0,0.0,1,8,0,7.0,21,1,4,2,1.29,0.86
Josh M,571448,Nolan Arenado,hitter,AZ,1,3,1,3,0,24,4,2,0,0,0.231,0,0,0,0.0,0,0,0,0,0.0,0.0
Josh M,640455,Sean Manaea,pitcher,NYM,1,0,0,0,0,0,0,0,0,0,0.0,0,4,0,2.2,8,6,7,2,20.25,3.38
Shane,662253,Andres Munoz,pitcher,SEA,11,0,0,0,0,0,0,0,0,0,0.0,3,35,9,23.1,70,14,23,9,5.4,1.37
Shane,663586,Austin Riley,hitter,ATL,11,31,8,34,4,240,50,21,5,2,0.284,0,0,0,0.0,0,0,0,0,0.0,0.0
Shane,700250,Ben Rice,hitter,NYY,11,46,18,45,2,210,63,31,2,2,0.392,0,0,0,0.0,0,0,0,0,0.0,0.0
Shane,664040,Brandon Lowe,hitter,PIT,11,40,15,41,0,230,59,28,2,2,0.34,0,0,0,0.0,0,0,0,0,0.0,0.0
Shane,682928,CJ Abrams,hitter,WSH,11,41,14,49,9,238,68,29,9,3,0.38,0,0,0,0.0,0,0,0,0,0.0,0.0
Shane,678882,Ceddanne Rafaela,hitter,BOS,11,25,5,24,6,213,61,14,6,0,0.348,0,0,0,0.0,0,0,0,0,0.0,0.0
Shane,802415,Chandler Simpson,hitter,TB,11,30,0,12,14,232,64,13,0,2,0.312,0,0,0,0.0,0,0,0,0,0.0,0.0
Shane,694037,Daniel Palencia,pitcher,CHC,11,0,0,0,0,0,0,0,0,0,0.0,1,16,3,15.2,47,4,15,4,2.3,1.21
Shane,680776,Jarren Duran,hitter,BOS,11,32,10,33,11,236,50,18,3,2,0.274,0,0,0,0.0,0,0,0,0,0.0,0.0
Shane,608070,Jose Ramirez,hitter,CLE,11,39,10,33,23,252,59,41,1,3,0.34,0,0,0,0.0,0,0,0,0,0.0,0.0
Shane,680574,Matt McLain,hitter,CIN,11,27,8,25,7,209,42,27,2,0,0.298,0,0,0,0.0,0,0,0,0,0.0,0.0
Shane,671739,Michael Harris II,hitter,ATL,11,30,13,40,3,222,68,11,1,1,0.34,0,0,0,0.0,0,0,0,0,0.0,0.0
Shane,650633,Michael King,pitcher,SD,11,0,0,0,0,0,0,0,0,0,0.0,4,69,0,74.0,222,28,54,29,3.41,1.12
Shane,663556,Shane McClanahan,pitcher,TB,11,0,0,0,0,0,0,0,0,0,0.0,6,59,0,60.0,180,19,45,21,2.85,1.1
Shane,686469,Vinnie Pasquantino,hitter,KC,11,25,6,30,2,240,52,31,1,4,0.304,0,0,0,0.0,0,0,0,0,0.0,0.0
Shane,691587,Eury Perez,pitcher,MIA,10,0,0,0,0,0,0,0,0,0,0.0,3,72,0,62.2,188,32,51,28,4.6,1.26
Shane,686668,Brenton Doyle,hitter,COL,9,22,1,4,9,115,23,11,0,0,0.27,0,0,0,0.0,0,0,0,0,0.0,0.0
Shane,671096,Andrew Abbott,pitcher,CIN,7,0,0,0,0,0,0,0,0,0,0.0,4,32,0,44.0,132,14,35,20,2.86,1.25
Shane,669358,Shane Baz,pitcher,BAL,7,0,0,0,0,0,0,0,0,0,0.0,3,47,0,55.0,165,23,50,22,3.76,1.31
Shane,676979,Garrett Crochet,pitcher,BOS,6,0,0,0,0,0,0,0,0,0,0.0,3,37,0,30.0,90,21,33,11,6.3,1.47
Shane,664126,Pete Fairbanks,pitcher,MIA,6,0,0,0,0,0,0,0,0,0,0.0,0,13,5,9.0,27,10,9,4,10.0,1.44
Shane,660670,Ronald Acuna Jr.,hitter,ATL,6,17,2,9,7,127,32,20,3,2,0.362,0,0,0,0.0,0,0,0,0,0.0,0.0
Shane,676475,Alec Burleson,hitter,STL,5,14,3,16,1,116,36,9,2,1,0.367,0,0,0,0.0,0,0,0,0,0.0,0.0
Shane,663903,Brady Singer,pitcher,CIN,5,0,0,0,0,0,0,0,0,0,0.0,0,22,0,22.2,68,16,27,10,6.35,1.63
Shane,605135,Chris Bassitt,pitcher,BAL,5,0,0,0,0,0,0,0,0,0,0.0,2,20,0,28.1,85,16,32,8,5.08,1.41
Shane,601713,Nick Pivetta,pitcher,SD,4,0,0,0,0,0,0,0,0,0,0.0,1,24,0,16.0,48,8,12,6,4.5,1.12
Shane,628452,Raisel Iglesias,pitcher,ATL,4,0,0,0,0,0,0,0,0,0,0.0,0,11,5,8.2,26,0,5,1,0.0,0.69
Shane,669016,Brandon Marsh,hitter,PHI,2,6,4,8,1,38,16,2,0,0,0.45,0,0,0,0.0,0,0,0,0,0.0,0.0
Shane,663158,Robert Suarez,pitcher,ATL,1,0,0,0,0,0,0,0,0,0,0.0,0,3,0,3.1,10,0,3,0,0.0,0.9
Greg,666969,Adolis Garcia,hitter,PHI,11,21,6,21,3,225,44,21,4,3,0.273,0,0,0,0.0,0,0,0,0,0.0,0.0
Greg,608324,Alex Bregman,hitter,CHC,11,29,5,19,2,267,63,30,4,1,0.321,0,0,0,0.0,0,0,0,0,0.0,0.0
Greg,519242,Chris Sale,pitcher,ATL,11,0,0,0,0,0,0,0,0,0,0.0,8,86,0,72.2,218,18,56,19,2.23,1.03
Greg,683002,Gunnar Henderson,hitter,BAL,11,35,13,33,6,283,62,19,3,1,0.275,0,0,0,0.0,0,0,0,0,0.0,0.0
Greg,594798,Jacob deGrom,pitcher,TEX,11,0,0,0,0,0,0,0,0,0,0.0,5,84,0,70.2,212,25,55,15,3.18,0.99
Greg,665862,Jazz Chisholm Jr.,hitter,NYY,11,29,8,25,15,219,52,23,0,2,0.307,0,0,0,0.0,0,0,0,0,0.0,0.0
Greg,656941,Kyle Schwarber,hitter,PHI,11,42,24,42,1,239,60,41,4,0,0.37,0,0,0,0.0,0,0,0,0,0.0,0.0
Greg,622491,Luis Castillo,pitcher,SEA,11,0,0,0,0,0,0,0,0,0,0.0,2,61,0,61.0,183,35,60,23,5.16,1.36
Greg,683737,Michael Busch,hitter,CHC,11,27,6,36,1,239,58,44,5,3,0.368,0,0,0,0.0,0,0,0,0,0.0,0.0
Greg,592662,Robbie Ray,pitcher,SF,11,0,0,0,0,0,0,0,0,0,0.0,4,63,0,67.2,203,31,59,36,4.12,1.4
Greg,673548,Seiya Suzuki,hitter,CHC,11,29,9,21,0,190,47,23,3,1,0.336,0,0,0,0.0,0,0,0,0,0.0,0.0
Greg,554430,Zack Wheeler,pitcher,PHI,11,0,0,0,0,0,0,0,0,0,0.0,5,48,0,50.2,152,13,30,12,2.31,0.83
Greg,606192,Teoscar Hernandez,hitter,LAD,10,30,7,31,2,181,50,19,2,2,0.348,0,0,0,0.0,0,0,0,0,0.0,0.0
Greg,514888,Jose Altuve,hitter,HOU,9,27,4,12,1,163,40,19,1,1,0.326,0,0,0,0.0,0,0,0,0,0.0,0.0
Greg,670770,TJ Friedl,hitter,CIN,9,13,2,8,3,127,25,6,4,1,0.254,0,0,0,0.0,0,0,0,0,0.0,0.0
Greg,572233,Christian Walker,hitter,HOU,8,29,13,34,0,194,46,15,4,1,0.304,0,0,0,0.0,0,0,0,0,0.0,0.0
Greg,663728,Cal Raleigh,hitter,SEA,7,13,7,18,2,149,24,17,0,2,0.244,0,0,0,0.0,0,0,0,0,0.0,0.0
Greg,642701,Dennis Santana,pitcher,PIT,7,0,0,0,0,0,0,0,0,0,0.0,0,14,0,14.2,44,14,22,9,8.59,2.11
Greg,657277,Logan Webb,pitcher,SF,7,0,0,0,0,0,0,0,0,0,0.0,2,35,0,43.0,129,22,43,14,4.6,1.33
Greg,579328,Yusei Kikuchi,pitcher,LAA,7,0,0,0,0,0,0,0,0,0,0.0,0,33,0,31.0,93,20,35,14,5.81,1.58
Greg,605540,Brandon Woodruff,pitcher,MIL,6,0,0,0,0,0,0,0,0,0,0.0,2,25,0,30.0,90,12,24,7,3.6,1.03
Greg,593871,Jorge Polanco,hitter,NYM,6,0,0,0,0,0,0,0,0,0,0.0,0,0,0,0.0,0,0,0,0,0.0,0.0
Greg,553993,Eugenio Suarez,hitter,CIN,5,10,3,11,0,91,21,9,0,0,0.3,0,0,0,0.0,0,0,0,0,0.0,0.0
Greg,641927,Bailey Ober,pitcher,MIN,4,0,0,0,0,0,0,0,0,0,0.0,3,17,0,28.2,86,19,33,5,5.97,1.33
Greg,666310,Bo Naylor,hitter,CLE,4,0,0,0,0,0,0,0,0,0,0.0,0,0,0,0.0,0,0,0,0,0.0,0.0
Greg,691799,Grant Taylor,pitcher,CWS,4,0,0,0,0,0,0,0,0,0,0.0,0,21,2,13.0,39,2,7,1,1.38,0.62
Greg,676617,Riley O’Brien,pitcher,STL,4,0,0,0,0,0,0,0,0,0,0.0,0,8,6,10.1,31,6,10,6,5.23,1.55
Greg,543243,Sonny Gray,pitcher,BOS,4,0,0,0,0,0,0,0,0,0,0.0,2,11,0,20.1,61,10,22,4,4.43,1.28
Greg,543807,George Springer,hitter,TOR,3,4,2,6,2,58,11,9,0,0,0.299,0,0,0,0.0,0,0,0,0,0.0,0.0
Greg,605137,Josh Bell,hitter,MIN,2,7,1,7,0,48,11,1,1,0,0.26,0,0,0,0.0,0,0,0,0,0.0,0.0
Greg,605141,Mookie Betts,hitter,LAD,2,7,2,7,0,28,5,3,1,0,0.281,0,0,0,0.0,0,0,0,0,0.0,0.0
Greg,543037,Gerrit Cole,pitcher,NYY,1,0,0,0,0,0,0,0,0,0,0.0,0,2,0,5.1,16,4,6,1,6.75,1.31
Greg,624585,Jorge Soler,hitter,LAA,1,2,0,2,0,11,4,1,0,0,0.417,0,0,0,0.0,0,0,0,0,0.0,0.0
Josh V,682842,Abner Uribe,pitcher,MIL,11,0,0,0,0,0,0,0,0,0,0.0,3,23,5,22.1,67,10,19,9,4.03,1.25
Josh V,665926,Andres Gimenez,hitter,TOR,11,16,7,32,7,214,48,8,5,2,0.266,0,0,0,0.0,0,0,0,0,0.0,0.0
Josh V,696149,Bubba Chandler,pitcher,PIT,11,0,0,0,0,0,0,0,0,0,0.0,2,62,0,62.1,187,35,50,40,5.05,1.44
Josh V,681297,Colton Cowser,hitter,BAL,11,21,6,22,1,128,31,18,0,2,0.331,0,0,0,0.0,0,0,0,0,0.0,0.0
Josh V,656876,Drew Rasmussen,pitcher,TB,11,0,0,0,0,0,0,0,0,0,0.0,5,64,0,66.0,198,22,48,12,3.0,0.91
Josh V,678662,Ezequiel Tovar,hitter,COL,11,20,4,22,4,224,46,14,2,3,0.255,0,0,0,0.0,0,0,0,0,0.0,0.0
Josh V,656427,Jack Flaherty,pitcher,DET,11,0,0,0,0,0,0,0,0,0,0.0,1,77,0,62.2,188,37,66,33,5.31,1.58
Josh V,805300,Jakob Marsee,hitter,MIA,11,36,3,16,16,219,44,37,7,1,0.333,0,0,0,0.0,0,0,0,0,0.0,0.0
Josh V,691406,Junior Caminero,hitter,TB,11,41,14,30,0,235,65,38,0,1,0.376,0,0,0,0.0,0,0,0,0,0.0,0.0
Josh V,805808,Kevin McGonigle,hitter,DET,11,41,4,26,10,241,70,38,2,0,0.391,0,0,0,0.0,0,0,0,0,0.0,0.0
Josh V,690997,Nolan McLean,pitcher,NYM,11,0,0,0,0,0,0,0,0,0,0.0,3,82,0,72.1,217,32,53,27,3.98,1.11
Josh V,669194,Ryne Nelson,pitcher,AZ,11,0,0,0,0,0,0,0,0,0,0.0,2,55,0,72.1,217,37,64,21,4.6,1.18
Josh V,701398,Sal Stewart,hitter,CIN,11,35,12,38,10,245,61,34,1,2,0.34,0,0,0,0.0,0,0,0,0,0.0,0.0
Josh V,677944,Slade Cecconi,pitcher,CLE,11,0,0,0,0,0,0,0,0,0,0.0,3,54,0,67.2,203,37,76,21,4.92,1.43
Josh V,702056,Trey Yesavage,pitcher,TOR,11,0,0,0,0,0,0,0,0,0,0.0,2,44,0,42.2,128,15,31,19,3.16,1.17
Josh V,687263,Zach Neto,hitter,LAA,11,44,12,31,10,247,57,34,6,1,0.337,0,0,0,0.0,0,0,0,0,0.0,0.0
Josh V,681347,Mike Burrows,pitcher,HOU,9,0,0,0,0,0,0,0,0,0,0.0,2,48,0,56.1,169,36,66,20,5.75,1.53
Josh V,664983,Jake McCarthy,hitter,COL,8,22,5,30,7,145,46,8,0,3,0.346,0,0,0,0.0,0,0,0,0,0.0,0.0
Josh V,680718,Addison Barger,hitter,TOR,7,3,0,2,0,25,2,5,0,1,0.226,0,0,0,0.0,0,0,0,0,0.0,0.0
Josh V,671218,Heliot Ramos,hitter,SF,7,17,4,19,0,148,40,8,0,2,0.304,0,0,0,0.0,0,0,0,0,0.0,0.0
Josh V,670242,Matt Wallner,hitter,MIN,7,14,4,10,0,116,20,10,5,0,0.267,0,0,0,0.0,0,0,0,0,0.0,0.0
Josh V,673237,Yainer Diaz,hitter,HOU,7,8,2,15,0,106,28,3,0,2,0.279,0,0,0,0.0,0,0,0,0,0.0,0.0
Josh V,678246,Miguel Vargas,hitter,CWS,4,19,6,19,3,92,24,15,2,0,0.376,0,0,0,0.0,0,0,0,0,0.0,0.0
Josh V,694212,Samuel Basallo,hitter,BAL,4,11,4,12,0,63,17,8,0,3,0.338,0,0,0,0.0,0,0,0,0,0.0,0.0
Josh V,656716,Zach McKinstry,hitter,DET,4,3,0,4,0,66,10,9,0,2,0.247,0,0,0,0.0,0,0,0,0,0.0,0.0
Josh V,668904,Royce Lewis,hitter,MIN,3,6,2,8,2,36,8,8,1,0,0.378,0,0,0,0.0,0,0,0,0,0.0,0.0
Josh V,694388,Joey Loperfido,hitter,HOU,2,0,0,0,0,0,0,0,0,0,0.0,0,0,0,0.0,0,0,0,0,0.0,0.0
Josh V,808982,Jung Hoo Lee,hitter,SF,2,4,1,5,0,31,8,0,2,0,0.303,0,0,0,0.0,0,0,0,0,0.0,0.0
Josh V,453286,Max Scherzer,pitcher,TOR,2,0,0,0,0,0,0,0,0,0,0.0,0,0,0,0.0,0,0,0,0,0.0,0.0
